gender,age_group,edu_level,personal_income,avg_use_time_min,leisure_score,utility_score
남성,30~39,4년제이상 대학,200만원 ~ 300만원,38.4925,1.6828258975,2.492333022
남성,20~29,4년제이상 대학,300만원 ~ 400만원,40.935,1.6047546285,2.3957187745
여성,60이상,4년제이상 대학,400만원 ~ 500만원,35.99,5.1576998895,7.18049201125
여성,20~29,4년제이상 대학,소득없음,47.614999999999995,2.0859026825,2.889407717
남성,20~29,고등학교,400만원 ~ 500만원,42.33,3.46075087175,4.89862984975
남성,50~59,고등학교,200만원 ~ 300만원,38.2625,2.535997989,3.8087690965
남성,30~39,고등학교,200만원 ~ 300만원,39.3925,2.06997715575,3.063649324
여성,40~49,중졸이하,200만원 ~ 300만원,43.5775,9.90099188125,16.2317559435
남성,40~49,고등학교,소득없음,45.8325,2.5747389985,3.814099955
여성,20~29,"2,3년제 전문대학",200만원 ~ 300만원,41.597500000000004,6.553996962537745,0.6120099540583328
여성,40~49,고등학교,소득없음,45.35,2.6688422345,3.8880177545
남성,50~59,4년제이상 대학,300만원 ~ 400만원,36.8275,8.22450764617937,0.0
여성,20~29,4년제이상 대학,500만원 ~ 600만원,44.14,0.08740625909880784,17.049769904512868
여성,60이상,"2,3년제 전문대학",200만원 ~ 300만원,36.64,4.339351696,6.15530317075
남성,50~59,고등학교,300만원 ~ 400만원,37.7275,2.46585513175,3.75242421275
남성,50~59,4년제이상 대학,300만원 ~ 400만원,36.8275,2.0787038735,3.1811079107499998
여성,16~19,4년제이상 대학,300만원 ~ 400만원,40.7325,0.0,18.47225350350906
여성,40~49,"2,3년제 전문대학",300만원 ~ 400만원,37.8975,10.044399179809218,0.0
남성,40~49,4년제이상 대학,소득없음,44.9325,0.0,18.197465811158843
여성,40~49,4년제이상 대학,200만원 ~ 300만원,37.8225,1.9647890154999998,2.9532751932499997
여성,60이상,4년제이상 대학,400만원 ~ 500만원,35.99,5.1576998895,7.18049201125
여성,50~59,4년제이상 대학,300만원 ~ 400만원,36.345,5.743178248662201,0.0
남성,50~59,4년제이상 대학,100만원 ~ 200만원,42.2675,0.34843065454688116,23.432357374136934
여성,60이상,"2,3년제 전문대학",100만원 미만,37.765,7.178793118810284,27.136667160305002
남성,30~39,4년제이상 대학,200만원 ~ 300만원,38.4925,1.6828258975,2.492333022
남성,40~49,고등학교,소득없음,45.8325,0.0,12.134903917660687
남성,16~19,4년제이상 대학,300만원 ~ 400만원,41.215,3.4377663735,4.8527211435
여성,50~59,4년제이상 대학,100만원 ~ 200만원,41.785000000000004,19.001779337374323,1.1531848502105877
남성,40~49,고등학교,200만원 ~ 300만원,39.205,2.25783703775,3.45067369575
여성,20~29,고등학교,300만원 ~ 400만원,41.35249999999999,11.15719806732379,0.0
남성,16~19,"2,3년제 전문대학",200만원 ~ 300만원,42.36000000000001,4.088263165,5.75912707625
여성,30~39,"2,3년제 전문대학",400만원 ~ 500만원,38.58,3.7559851955,5.2915617600000004
여성,50~59,4년제이상 대학,소득없음,43.5075,2.5598519275,3.67479685325
남성,50~59,4년제이상 대학,300만원 ~ 400만원,36.8275,2.0787038735,3.1811079107499998
여성,30~39,4년제이상 대학,소득없음,44.637499999999996,2.09383109425,2.9296770807500003
남성,50~59,고등학교,소득없음,44.89,2.8528999497500003,4.1721953557500004
여성,50~59,4년제이상 대학,300만원 ~ 400만원,36.345,0.3868065947841899,11.799273022129732
남성,40~49,고등학교,700만원 이상,43.355000000000004,35.02817036275,69.31589363525
여성,40~49,4년제이상 대학,100만원 ~ 200만원,42.7275,4.227622348,6.79807845775
남성,16~19,고등학교,400만원 ~ 500만원,42.61,5.29376261675,7.35563221875
남성,60이상,4년제이상 대학,200만원 ~ 300만원,36.5125,0.0,16.178737781315455
남성,20~29,4년제이상 대학,300만원 ~ 400만원,40.935,0.0,13.87081224699152
남성,50~59,"2,3년제 전문대학",300만원 ~ 400만원,37.4375,0.0,12.0130569303459
남성,40~49,"2,3년제 전문대학",100만원 ~ 200만원,43.82,4.71387304625,7.57422170725
여성,50~59,4년제이상 대학,소득없음,43.5075,0.0,14.670329454559763
여성,40~49,4년제이상 대학,200만원 ~ 300만원,37.8225,12.5889248452938,0.0
여성,30~39,4년제이상 대학,300만원 ~ 400만원,37.474999999999994,0.0,13.178410774776905
남성,30~39,4년제이상 대학,300만원 ~ 400만원,37.957499999999996,1.6126830402499999,2.43598813825
남성,50~59,고등학교,400만원 ~ 500만원,38.2225,13.008995455223136,1.1344930947284748
여성,30~39,"2,3년제 전문대학",400만원 ~ 500만원,38.58,0.0,17.72289924228717
여성,50~59,4년제이상 대학,600만원 ~ 700만원,35.852500000000006,30.99220837511664,18.464310635249426
남성,20~29,"2,3년제 전문대학",300만원 ~ 400만원,41.545,0.0,12.811127047394468
남성,20~29,고등학교,소득없음,48.997499999999995,18.45377581643169,0.0
남성,50~59,고등학교,300만원 ~ 400만원,37.7275,0.0,11.24351888487933
여성,16~19,중졸이하,200만원 ~ 300만원,47.0225,6.270784309340579,31.17293806753909
여성,20~29,4년제이상 대학,300만원 ~ 400만원,40.4525,1.6988578644999999,2.469636574
남성,60이상,4년제이상 대학,300만원 ~ 400만원,35.977500000000006,0.024117149575601626,14.963886627173537
여성,40~49,대학원 이상,300만원 ~ 400만원,56.875,25.33012499528443,9.543381626352144
남성,20~29,4년제이상 대학,300만원 ~ 400만원,40.935,1.6047546285,2.3957187745
남성,30~39,고등학교,소득없음,46.02,2.3868791165000003,3.42707558325
여성,30~39,4년제이상 대학,200만원 ~ 300만원,38.01,10.871485923096158,0.0
여성,60이상,4년제이상 대학,100만원 ~ 200만원,40.935,0.0,14.903258685816645
남성,40~49,고등학교,소득없음,45.8325,2.5747389985,3.814099955
남성,30~39,고등학교,300만원 ~ 400만원,38.8575,1.9998342985,3.00730444025
여성,16~19,고등학교,200만원 ~ 300만원,42.1675,11.783531575845046,0.0
여성,40~49,4년제이상 대학,300만원 ~ 400만원,37.287499999999994,0.0,13.511420144407746
남성,30~39,4년제이상 대학,200만원 ~ 300만원,38.4925,1.6828258975,2.492333022
여성,30~39,"2,3년제 전문대학",100만원 ~ 200만원,43.525,0.17788269112284727,9.801554825497348
여성,50~59,4년제이상 대학,소득없음,43.5075,2.5598519275,3.67479685325
남성,20~29,"2,3년제 전문대학",200만원 ~ 300만원,42.080000000000005,13.92989015577207,0.0
남성,60이상,4년제이상 대학,200만원 ~ 300만원,36.5125,12.436602872981437,0.19482694729093897
여성,30~39,4년제이상 대학,소득없음,44.637499999999996,2.09383109425,2.9296770807500003
여성,20~29,4년제이상 대학,400만원 ~ 500만원,40.9475,12.88956789928335,1.3930192751372257
남성,20~29,"2,3년제 전문대학",400만원 ~ 500만원,42.040000000000006,3.65395354775,5.17737459675
여성,30~39,고등학교,200만원 ~ 300만원,38.91,0.0,17.37043406114317
남성,30~39,4년제이상 대학,100만원 ~ 200만원,43.3975,1.1364947521587396,13.184683995456902
여성,40~49,"2,3년제 전문대학",300만원 ~ 400만원,37.8975,2.4750000925,3.7469913585
여성,20~29,4년제이상 대학,200만원 ~ 300만원,40.9875,14.12010297171391,0.0
남성,20~29,고등학교,200만원 ~ 300만원,42.37,2.062048744,3.0233799602499998
남성,20~29,고등학교,200만원 ~ 300만원,42.37,2.062048744,3.0233799602499998
여성,30~39,"2,3년제 전문대학",100만원 ~ 200만원,43.525,0.0,19.23957549747957
남성,50~59,4년제이상 대학,300만원 ~ 400만원,36.8275,0.0,13.49867317107763
여성,20~29,고등학교,300만원 ~ 400만원,41.35249999999999,12.533798420537806,0.0
남성,20~29,4년제이상 대학,300만원 ~ 400만원,40.935,1.6047546285,2.3957187745
여성,30~39,고등학교,200만원 ~ 300만원,38.91,6.006463688486537,0.0
여성,20~29,고등학교,300만원 ~ 400만원,41.35249999999999,0.0,8.403395547109685
여성,30~39,4년제이상 대학,소득없음,44.637499999999996,2.09383109425,2.9296770807500003
여성,50~59,4년제이상 대학,300만원 ~ 400만원,36.345,14.04731808461717,0.0
여성,30~39,고등학교,300만원 ~ 400만원,38.375,0.0,12.438217552353937
남성,60이상,4년제이상 대학,소득없음,43.14,13.40716396159918,0.0
여성,60이상,4년제이상 대학,소득없음,42.6575,0.0,19.843143679844676
남성,30~39,4년제이상 대학,300만원 ~ 400만원,37.957499999999996,1.6126830402499999,2.43598813825
여성,30~39,4년제이상 대학,100만원 미만,39.135,15.679217574897805,5.013517530165343
남성,60이상,"2,3년제 전문대학",200만원 ~ 300만원,37.1225,4.24524846,6.08138537125
남성,20~29,고등학교,400만원 ~ 500만원,42.33,0.0,19.104985098907157
여성,40~49,"2,3년제 전문대학",200만원 ~ 300만원,38.432500000000005,17.254074905515736,1.4058711992372124
남성,30~39,"2,3년제 전문대학",300만원 ~ 400만원,38.5675,15.458035779190297,0.05234429172938171
남성,50~59,고등학교,300만원 ~ 400만원,37.7275,2.46585513175,3.75242421275
남성,40~49,4년제이상 대학,300만원 ~ 400만원,37.769999999999996,1.8005429222499998,2.82301251
여성,50~59,4년제이상 대학,소득없음,43.5075,2.5598519275,3.67479685325
여성,20~29,고등학교,500만원 ~ 600만원,45.03999999999999,2.80130095439063,18.099006913586173
여성,30~39,4년제이상 대학,300만원 ~ 400만원,37.474999999999994,12.353941929686094,0.0
남성,30~39,고등학교,200만원 ~ 300만원,39.3925,7.680440547188968,0.0
남성,30~39,4년제이상 대학,500만원 ~ 600만원,41.644999999999996,5.4353020875,7.614398191499999
여성,30~39,고등학교,200만원 ~ 300만원,38.91,2.1640803917499998,3.1375671234999998
여성,30~39,4년제이상 대학,300만원 ~ 400만원,37.474999999999994,1.70678627625,2.50990593775
남성,30~39,고등학교,소득없음,46.02,0.0,19.32484855078905
여성,30~39,4년제이상 대학,600만원 ~ 700만원,36.9825,16.980595801,21.302304086000003
남성,40~49,고등학교,200만원 ~ 300만원,39.205,0.0,11.760301442770162
여성,20~29,고등학교,소득없음,48.51499999999999,15.49583436371396,0.0
여성,50~59,"2,3년제 전문대학",300만원 ~ 400만원,36.955,2.75316104375,4.105086759250001
남성,30~39,고등학교,100만원 ~ 200만원,44.2975,13.542008859677896,2.7543829831153666
남성,30~39,4년제이상 대학,200만원 ~ 300만원,38.4925,1.6828258975,2.492333022
남성,16~19,4년제이상 대학,200만원 ~ 300만원,41.75,15.916962443398306,4.580397095499927
남성,20~29,4년제이상 대학,500만원 ~ 600만원,44.6225,0.0,22.463364290029183
여성,16~19,"2,3년제 전문대학",100만원 ~ 200만원,46.782500000000006,17.899276075706638,8.270047316284268
여성,50~59,4년제이상 대학,300만원 ~ 400만원,36.345,9.272547158597636,0.0
여성,20~29,4년제이상 대학,300만원 ~ 400만원,40.4525,0.0,12.831251317845691
여성,50~59,4년제이상 대학,200만원 ~ 300만원,36.88,0.0,11.833858982298608
여성,20~29,4년제이상 대학,500만원 ~ 600만원,44.14,15.00634815388854,1.6738219104119798
남성,20~29,"2,3년제 전문대학",400만원 ~ 500만원,42.040000000000006,0.0,18.452027162870362
남성,16~19,4년제이상 대학,300만원 ~ 400만원,41.215,3.4377663735,4.8527211435
남성,40~49,4년제이상 대학,700만원 이상,42.455,34.641019104499996,68.74457733325
남성,30~39,고등학교,300만원 ~ 400만원,38.8575,1.9998342985,3.00730444025
여성,40~49,4년제이상 대학,200만원 ~ 300만원,37.8225,0.0,6.5443068450052175
남성,40~49,4년제이상 대학,300만원 ~ 400만원,37.769999999999996,0.0,14.55294799981013
남성,60이상,4년제이상 대학,200만원 ~ 300만원,36.5125,3.6648945257500003,5.23132432225
여성,30~39,"2,3년제 전문대학",300만원 ~ 400만원,38.085,2.2871402105,3.35996698675
여성,30~39,"2,3년제 전문대학",100만원 미만,39.745000000000005,2.197488669923465,20.9821681735739
남성,16~19,"2,3년제 전문대학",소득없음,48.987500000000004,4.40516512575,6.122553335500001
남성,40~49,"2,3년제 전문대학",600만원 ~ 700만원,37.8875,24.512134923444496,18.052003481371962
여성,50~59,4년제이상 대학,400만원 ~ 500만원,36.84,3.6416520945,5.1866204835000005
여성,50~59,고등학교,300만원 ~ 400만원,37.245000000000005,0.0,14.384957748230185
여성,30~39,4년제이상 대학,300만원 ~ 400만원,37.474999999999994,0.0,9.931667423770023
여성,16~19,고등학교,300만원 ~ 400만원,41.63249999999999,0.0,17.12298334724471
여성,50~59,4년제이상 대학,300만원 ~ 400만원,36.345,2.1728071095,3.25502571025
남성,30~39,대학원 이상,소득없음,64.70750000000001,28.399768970748713,12.359359994842364
여성,20~29,4년제이상 대학,소득없음,47.614999999999995,2.0859026825,2.889407717
여성,30~39,고등학교,200만원 ~ 300만원,38.91,2.1640803917499998,3.1375671234999998
남성,20~29,중졸이하,300만원 ~ 400만원,46.69,9.540957494249998,15.67419952475
남성,20~29,고등학교,200만원 ~ 300만원,42.37,0.0,11.27709420610448
여성,16~19,4년제이상 대학,소득없음,47.894999999999996,0.0,10.114744184815406
여성,16~19,4년제이상 대학,300만원 ~ 400만원,40.7325,1.8847146284981577,12.967208284765578
남성,50~59,4년제이상 대학,200만원 ~ 300만원,37.3625,12.77908851334358,0.0
남성,20~29,고등학교,200만원 ~ 300만원,42.37,2.062048744,3.0233799602499998
여성,30~39,4년제이상 대학,500만원 ~ 600만원,41.162499999999994,3.882383912063017,19.334993990423587
남성,40~49,고등학교,소득없음,45.8325,2.5747389985,3.814099955
남성,40~49,4년제이상 대학,300만원 ~ 400만원,37.769999999999996,11.838255178426966,0.0
여성,20~29,4년제이상 대학,200만원 ~ 300만원,40.9875,1.76900072175,2.52598145775
여성,20~29,"2,3년제 전문대학",300만원 ~ 400만원,41.0625,2.27921179875,3.319697623
남성,20~29,"2,3년제 전문대학",100만원 ~ 200만원,46.98500000000001,4.5180847525,7.14692797175
남성,20~29,고등학교,200만원 ~ 300만원,42.37,0.0,11.930280594492118
여성,30~39,4년제이상 대학,100만원 ~ 200만원,42.915,4.039762466,6.411054086
남성,30~39,고등학교,소득없음,46.02,2.3868791165000003,3.42707558325
남성,30~39,4년제이상 대학,300만원 ~ 400만원,37.957499999999996,0.0,13.390395265459164
여성,30~39,고등학교,소득없음,45.5375,2.4809823525,3.50099338275
여성,20~29,중졸이하,400만원 ~ 500만원,46.7025,24.07545835856463,12.351542607741205
여성,30~39,고등학교,500만원 ~ 600만원,42.0625,18.520027146602004,2.565874336577929
남성,40~49,4년제이상 대학,300만원 ~ 400만원,37.769999999999996,1.8005429222499998,2.82301251
여성,16~19,4년제이상 대학,200만원 ~ 300만원,41.2675,18.842168767191982,1.0312981935661067
남성,60이상,중졸이하,300만원 ~ 400만원,41.7325,4.812472777934793,29.726842460888896
여성,30~39,4년제이상 대학,소득없음,44.637499999999996,0.0,16.22801387353673
여성,20~29,4년제이상 대학,200만원 ~ 300만원,40.9875,0.0,13.28192019957237
남성,40~49,고등학교,100만원 미만,40.33,7.19483703775,10.710945710250002
남성,40~49,4년제이상 대학,200만원 ~ 300만원,38.305,0.0,13.775102932000918
남성,20~29,"2,3년제 전문대학",300만원 ~ 400만원,41.545,10.199777138560354,2.1087055011944935
여성,20~29,4년제이상 대학,소득없음,47.614999999999995,0.18030698250457577,15.409940522350233
여성,30~39,4년제이상 대학,100만원 ~ 200만원,42.915,14.139618721168517,1.5682800224876647
남성,40~49,4년제이상 대학,200만원 ~ 300만원,38.305,1.8706857794999998,2.87935739375
남성,40~49,4년제이상 대학,200만원 ~ 300만원,38.305,1.8706857794999998,2.87935739375
남성,30~39,4년제이상 대학,소득없음,45.12,11.946894231653694,0.0
여성,30~39,고등학교,200만원 ~ 300만원,38.91,2.1640803917499998,3.1375671234999998
남성,20~29,4년제이상 대학,200만원 ~ 300만원,41.47,6.807184153424587,0.0
남성,40~49,고등학교,300만원 ~ 400만원,38.67,2.1876941805,3.394328812
여성,40~49,4년제이상 대학,400만원 ~ 500만원,37.7825,3.36349114325,4.82852508275
남성,30~39,4년제이상 대학,300만원 ~ 400만원,37.957499999999996,0.0,12.272936614763823
여성,30~39,4년제이상 대학,300만원 ~ 400만원,37.474999999999994,1.70678627625,2.50990593775
남성,20~29,고등학교,100만원 ~ 200만원,47.275,4.3248820765,6.86818322475
남성,40~49,4년제이상 대학,400만원 ~ 500만원,38.265,3.2693879072499996,4.7546072832499995
남성,30~39,4년제이상 대학,300만원 ~ 400만원,37.957499999999996,1.6126830402499999,2.43598813825
남성,50~59,4년제이상 대학,100만원 ~ 200만원,42.2675,0.0,17.490752431555364
여성,40~49,4년제이상 대학,400만원 ~ 500만원,37.7825,0.0,15.658027642938258
여성,40~49,4년제이상 대학,200만원 ~ 300만원,37.8225,8.440772621085102,0.0
여성,40~49,"2,3년제 전문대학",300만원 ~ 400만원,37.8975,2.4750000925,3.7469913585
여성,30~39,고등학교,400만원 ~ 500만원,38.87,3.5627825195,5.012817012999999
여성,20~29,고등학교,200만원 ~ 300만원,41.887499999999996,2.1561519799999997,3.09729775975
남성,40~49,"2,3년제 전문대학",300만원 ~ 400만원,38.38,2.3808968565,3.673073559
여성,40~49,4년제이상 대학,300만원 ~ 400만원,37.287499999999994,1.8946461582499998,2.8969303094999996
남성,30~39,4년제이상 대학,400만원 ~ 500만원,38.4525,3.08152802525,4.3675829114999996
여성,20~29,4년제이상 대학,400만원 ~ 500만원,40.9475,13.706725357243567,0.0
여성,50~59,4년제이상 대학,100만원 ~ 200만원,41.785000000000004,4.50578329925,7.156173858500001
남성,30~39,4년제이상 대학,200만원 ~ 300만원,38.4925,14.220325289607654,0.0
남성,50~59,4년제이상 대학,200만원 ~ 300만원,37.3625,0.0,12.02557256597669
남성,40~49,고등학교,200만원 ~ 300만원,39.205,2.25783703775,3.45067369575
여성,60이상,4년제이상 대학,200만원 ~ 300만원,36.03,14.541422277136931,0.0
여성,40~49,4년제이상 대학,300만원 ~ 400만원,37.287499999999994,10.649946831742637,0.0
남성,20~29,중졸이하,300만원 ~ 400만원,46.69,5.392349716558961,28.110401547978455
남성,40~49,4년제이상 대학,200만원 ~ 300만원,38.305,1.8706857794999998,2.87935739375
여성,40~49,4년제이상 대학,200만원 ~ 300만원,37.8225,0.0,13.33134271858168
남성,30~39,4년제이상 대학,소득없음,45.12,1.99972785825,2.85575928125
남성,50~59,4년제이상 대학,300만원 ~ 400만원,36.8275,2.0787038735,3.1811079107499998
남성,40~49,고등학교,300만원 ~ 400만원,38.67,2.1876941805,3.394328812
남성,60이상,4년제이상 대학,300만원 ~ 400만원,35.977500000000006,0.0,12.973424914477622
여성,30~39,4년제이상 대학,소득없음,44.637499999999996,2.09383109425,2.9296770807500003
여성,30~39,4년제이상 대학,200만원 ~ 300만원,38.01,13.5352483859149,0.0
여성,20~29,4년제이상 대학,400만원 ~ 500만원,40.9475,15.177085108809646,0.7548569848703819
남성,50~59,"2,3년제 전문대학",소득없음,44.6,3.0461026257499997,4.45094010275
여성,20~29,고등학교,300만원 ~ 400만원,41.35249999999999,2.08600912275,3.040952876
여성,30~39,4년제이상 대학,소득없음,44.637499999999996,2.09383109425,2.9296770807500003
남성,20~29,4년제이상 대학,100만원 ~ 200만원,46.375,0.0,20.108401091735693
여성,40~49,4년제이상 대학,100만원 ~ 200만원,42.7275,0.17538001239589374,14.50572799144361
여성,30~39,"2,3년제 전문대학",300만원 ~ 400만원,38.085,2.2871402105,3.35996698675
여성,20~29,"2,3년제 전문대학",600만원 ~ 700만원,40.57000000000001,17.553021323499998,22.11209577125
여성,30~39,4년제이상 대학,300만원 ~ 400만원,37.474999999999994,9.696756260108918,0.0
여성,20~29,고등학교,200만원 ~ 300만원,41.887499999999996,2.1561519799999997,3.09729775975
여성,30~39,4년제이상 대학,400만원 ~ 500만원,37.97,3.17563126125,4.441500711
여성,20~29,4년제이상 대학,300만원 ~ 400만원,40.4525,0.0,13.530186731562779
여성,30~39,4년제이상 대학,300만원 ~ 400만원,37.474999999999994,0.0,20.090919987862996
남성,30~39,4년제이상 대학,300만원 ~ 400만원,37.957499999999996,17.733431097820233,0.0
남성,30~39,고등학교,300만원 ~ 400만원,38.8575,0.0,10.515459858546414
여성,30~39,4년제이상 대학,300만원 ~ 400만원,37.474999999999994,0.0,14.931585327124042
남성,16~19,고등학교,소득없음,49.277499999999996,4.21196244975,5.8438085885
남성,50~59,고등학교,100만원 ~ 200만원,43.1675,0.6433837023348215,14.181989259281773
여성,40~49,중졸이하,소득없음,50.205,10.217893842,16.59518220275
여성,30~39,"2,3년제 전문대학",300만원 ~ 400만원,38.085,0.0,12.7973575226966
남성,20~29,4년제이상 대학,소득없음,48.0975,7.79050754796991,0.0
여성,20~29,고등학교,100만원 미만,43.012499999999996,7.09315198,10.35756977425
여성,40~49,"2,3년제 전문대학",200만원 ~ 300만원,38.432500000000005,2.5451429497499998,3.80333624225
남성,40~49,고등학교,300만원 ~ 400만원,38.67,0.0,11.737340927586429
남성,30~39,4년제이상 대학,400만원 ~ 500만원,38.4525,0.0,14.217933835792174
남성,60이상,4년제이상 대학,200만원 ~ 300만원,36.5125,3.6648945257500003,5.23132432225
남성,40~49,4년제이상 대학,300만원 ~ 400만원,37.769999999999996,7.5591782336682725,0.0
남성,60이상,"2,3년제 전문대학",100만원 ~ 200만원,42.0275,6.5080817925,9.92618863575
여성,20~29,고등학교,소득없음,48.51499999999999,0.0,14.067742903391922
여성,40~49,"2,3년제 전문대학",100만원 미만,39.557500000000005,7.48214294975,11.063608256750001
남성,40~49,고등학교,300만원 ~ 400만원,38.67,0.0,12.103392531274947
남성,30~39,4년제이상 대학,200만원 ~ 300만원,38.4925,1.6828258975,2.492333022
남성,40~49,고등학교,200만원 ~ 300만원,39.205,0.0,11.079748254761798
여성,16~19,4년제이상 대학,300만원 ~ 400만원,40.7325,3.5318696095,4.926638943
남성,20~29,4년제이상 대학,300만원 ~ 400만원,40.935,1.6047546285,2.3957187745
여성,20~29,고등학교,소득없음,48.51499999999999,14.561101248197676,0.0
여성,30~39,4년제이상 대학,300만원 ~ 400만원,37.474999999999994,1.70678627625,2.50990593775
남성,40~49,고등학교,소득없음,45.8325,12.545021001145567,0.0
남성,20~29,4년제이상 대학,200만원 ~ 300만원,41.47,0.0,19.67108617078867
여성,20~29,4년제이상 대학,300만원 ~ 400만원,40.4525,1.6988578644999999,2.469636574
남성,40~49,"2,3년제 전문대학",400만원 ~ 500만원,38.875,11.151828438311496,0.0
남성,40~49,"2,3년제 전문대학",300만원 ~ 400만원,38.38,2.3808968565,3.673073559
남성,30~39,고등학교,300만원 ~ 400만원,38.8575,1.9998342985,3.00730444025
여성,16~19,"2,3년제 전문대학",300만원 ~ 400만원,41.3425,18.19007118360235,3.683227896587329
여성,50~59,4년제이상 대학,400만원 ~ 500만원,36.84,0.0,17.162297493919592
남성,20~29,4년제이상 대학,400만원 ~ 500만원,41.43,0.0,12.619584564298352
남성,50~59,4년제이상 대학,300만원 ~ 400만원,36.8275,0.0,10.35703193072651
남성,40~49,4년제이상 대학,소득없음,44.9325,2.1875877402499997,3.242783653
여성,20~29,4년제이상 대학,300만원 ~ 400만원,40.4525,1.6988578644999999,2.469636574
여성,30~39,4년제이상 대학,200만원 ~ 300만원,38.01,0.0,13.615839017820637
여성,40~49,4년제이상 대학,400만원 ~ 500만원,37.7825,11.185356330729217,1.486479780474197
남성,20~29,4년제이상 대학,400만원 ~ 500만원,41.43,1.8693234306241568,11.331543345233161
여성,40~49,4년제이상 대학,400만원 ~ 500만원,37.7825,3.36349114325,4.82852508275
남성,20~29,4년제이상 대학,100만원 ~ 200만원,46.375,10.423349229541264,0.6657744860081216
여성,20~29,4년제이상 대학,소득없음,47.614999999999995,0.0,15.574100670994525
남성,20~29,고등학교,300만원 ~ 400만원,41.834999999999994,1.99190588675,2.9670350764999998
남성,50~59,고등학교,200만원 ~ 300만원,38.2625,0.0,18.57293604519598
여성,40~49,4년제이상 대학,100만원 ~ 200만원,42.7275,3.5551516645666146,19.908398412722462
여성,30~39,4년제이상 대학,100만원 미만,39.135,6.7139291335,9.826522836
여성,30~39,고등학교,200만원 ~ 300만원,38.91,11.127981026511591,0.13008172300196597
여성,30~39,4년제이상 대학,소득없음,44.637499999999996,2.09383109425,2.9296770807500003
남성,30~39,4년제이상 대학,소득없음,45.12,1.99972785825,2.85575928125
여성,20~29,"2,3년제 전문대학",300만원 ~ 400만원,41.0625,2.27921179875,3.319697623
여성,50~59,"2,3년제 전문대학",소득없음,44.1175,3.14020586175,4.52485790225
여성,30~39,4년제이상 대학,100만원 미만,39.135,6.7139291335,9.826522836
여성,50~59,4년제이상 대학,200만원 ~ 300만원,36.88,14.366632740811488,0.5335252174800154
여성,16~19,고등학교,500만원 ~ 600만원,45.31999999999999,7.741639915,10.67636529825
여성,30~39,4년제이상 대학,소득없음,44.637499999999996,0.0,14.610203849282597
여성,20~29,4년제이상 대학,300만원 ~ 400만원,40.4525,1.6988578644999999,2.469636574
남성,40~49,4년제이상 대학,200만원 ~ 300만원,38.305,16.990635675946457,0.0
여성,20~29,4년제이상 대학,400만원 ~ 500만원,40.9475,3.1677028495,4.40123134725
남성,20~29,고등학교,200만원 ~ 300만원,42.37,17.93232793176834,0.0
남성,16~19,고등학교,200만원 ~ 300만원,42.65,15.660227623260006,0.8710085550715494
남성,40~49,4년제이상 대학,200만원 ~ 300만원,38.305,13.371940959343558,0.0
남성,20~29,고등학교,100만원 ~ 200만원,47.275,4.3248820765,6.86818322475
여성,40~49,고등학교,400만원 ~ 500만원,38.6825,0.0,19.849350259567355
여성,60이상,4년제이상 대학,200만원 ~ 300만원,36.03,16.075199468383037,0.0
남성,40~49,"2,3년제 전문대학",200만원 ~ 300만원,38.915000000000006,2.45103971375,3.72941844275
남성,40~49,4년제이상 대학,200만원 ~ 300만원,38.305,9.794902519465953,0.0
남성,50~59,4년제이상 대학,소득없음,43.989999999999995,2.4657486915,3.60087905375
여성,20~29,4년제이상 대학,200만원 ~ 300만원,40.9875,10.487758493314068,0.0
여성,50~59,4년제이상 대학,200만원 ~ 300만원,36.88,0.0,11.970714494551906
남성,20~29,"2,3년제 전문대학",200만원 ~ 300만원,42.080000000000005,18.528844369353823,0.0
여성,20~29,고등학교,400만원 ~ 500만원,41.8475,15.573452928791037,1.5953497217466381
여성,20~29,4년제이상 대학,200만원 ~ 300만원,40.9875,0.0,8.325459355749393
남성,30~39,4년제이상 대학,200만원 ~ 300만원,38.4925,1.6828258975,2.492333022
여성,60이상,4년제이상 대학,200만원 ~ 300만원,36.03,0.0,13.057417822836793
여성,40~49,고등학교,300만원 ~ 400만원,38.1875,9.703367618032933,0.0
여성,40~49,4년제이상 대학,300만원 ~ 400만원,37.287499999999994,11.314469378489445,0.0
남성,50~59,4년제이상 대학,200만원 ~ 300만원,37.3625,13.002754462488697,0.0
남성,30~39,고등학교,100만원 ~ 200만원,44.2975,0.0,19.533100189727456
남성,40~49,"2,3년제 전문대학",300만원 ~ 400만원,38.38,0.0,12.349588267224561
여성,30~39,4년제이상 대학,200만원 ~ 300만원,38.01,14.612279275287573,0.0
여성,50~59,4년제이상 대학,100만원 ~ 200만원,41.785000000000004,0.0,14.179171347725
남성,20~29,4년제이상 대학,100만원 ~ 200만원,46.375,3.93773081825,6.2968669227500005
여성,40~49,4년제이상 대학,600만원 ~ 700만원,36.795,29.895177304977597,15.140303304053145
여성,40~49,4년제이상 대학,100만원 미만,38.9475,6.9017890155,10.21354720775
여성,50~59,4년제이상 대학,200만원 ~ 300만원,36.88,2.24294996675,3.311370594
여성,40~49,4년제이상 대학,소득없음,44.449999999999996,11.973714941449376,0.0
남성,20~29,"2,3년제 전문대학",소득없음,48.7075,2.57215338075,3.6655509665
남성,30~39,4년제이상 대학,소득없음,45.12,15.626212964230202,0.0
여성,30~39,"2,3년제 전문대학",300만원 ~ 400만원,38.085,11.71927759140863,0.0
남성,40~49,4년제이상 대학,300만원 ~ 400만원,37.769999999999996,13.67329307989589,0.9468277873540689
여성,20~29,4년제이상 대학,300만원 ~ 400만원,40.4525,0.0,15.181758284810481
남성,50~59,고등학교,500만원 ~ 600만원,41.415,6.288474179,8.930834266
남성,20~29,4년제이상 대학,300만원 ~ 400만원,40.935,0.0,15.885117153946409
남성,60이상,4년제이상 대학,소득없음,43.14,17.55980569220474,1.730373759264924
남성,50~59,4년제이상 대학,소득없음,43.989999999999995,2.4657486915,3.60087905375
여성,40~49,4년제이상 대학,300만원 ~ 400만원,37.287499999999994,1.8946461582499998,2.8969303094999996
남성,20~29,"2,3년제 전문대학",100만원 ~ 200만원,46.98500000000001,0.0,19.058333313493755
여성,40~49,4년제이상 대학,200만원 ~ 300만원,37.8225,1.9647890154999998,2.9532751932499997
여성,30~39,"2,3년제 전문대학",200만원 ~ 300만원,38.620000000000005,9.57741228658296,0.0
여성,50~59,4년제이상 대학,200만원 ~ 300만원,36.88,2.24294996675,3.311370594
여성,60이상,4년제이상 대학,200만원 ~ 300만원,36.03,11.81657393670076,0.0
여성,20~29,"2,3년제 전문대학",300만원 ~ 400만원,41.0625,0.0,9.402951581589566
여성,40~49,중졸이하,300만원 ~ 400만원,43.042500000000004,9.830849023999999,16.17541105975
남성,20~29,4년제이상 대학,200만원 ~ 300만원,41.47,1.67489748575,2.45206365825
여성,30~39,"2,3년제 전문대학",200만원 ~ 300만원,38.620000000000005,0.0,15.557938424604792
남성,60이상,4년제이상 대학,500만원 ~ 600만원,39.665000000000006,2.8726740142897738,17.61923186533313
남성,20~29,4년제이상 대학,500만원 ~ 600만원,44.6225,1.7294300194586842,19.99871906673379
여성,40~49,"2,3년제 전문대학",200만원 ~ 300만원,38.432500000000005,12.177239916804707,1.0121916667567468
남성,30~39,4년제이상 대학,300만원 ~ 400만원,37.957499999999996,1.6126830402499999,2.43598813825
여성,30~39,중졸이하,200만원 ~ 300만원,43.765,9.71313199925,15.844731571750001
남성,40~49,고등학교,100만원 ~ 200만원,44.11,0.0,14.463343512552392
남성,50~59,4년제이상 대학,소득없음,43.989999999999995,2.4657486915,3.60087905375
여성,40~49,4년제이상 대학,200만원 ~ 300만원,37.8225,1.9647890154999998,2.9532751932499997
남성,50~59,"2,3년제 전문대학",400만원 ~ 500만원,37.9325,18.84068712306854,2.9991997044448593
여성,20~29,고등학교,500만원 ~ 600만원,45.03999999999999,1.8630015169303489,15.316552575571968
여성,20~29,4년제이상 대학,500만원 ~ 600만원,44.14,13.958172599851576,3.793394313753555
남성,50~59,고등학교,300만원 ~ 400만원,37.7275,11.01813747458173,0.0
남성,40~49,4년제이상 대학,100만원 ~ 200만원,43.21,4.133519112,6.72416065825
여성,40~49,4년제이상 대학,300만원 ~ 400만원,37.287499999999994,11.583670576615377,0.0
남성,30~39,4년제이상 대학,300만원 ~ 400만원,37.957499999999996,0.0,12.343759346146111
여성,20~29,"2,3년제 전문대학",소득없음,48.225,0.0,15.812942582171694
남성,40~49,4년제이상 대학,700만원 이상,42.455,34.641019104499996,68.74457733325
여성,16~19,고등학교,소득없음,48.794999999999995,14.864554339100916,3.37415529001735
여성,30~39,4년제이상 대학,300만원 ~ 400만원,37.474999999999994,12.330343324132928,0.0
여성,60이상,4년제이상 대학,700만원 이상,40.18,53.234713935985454,65.77696511423238
남성,40~49,4년제이상 대학,200만원 ~ 300만원,38.305,1.8706857794999998,2.87935739375
남성,30~39,4년제이상 대학,300만원 ~ 400만원,37.957499999999996,18.781869939777582,0.0
여성,20~29,"2,3년제 전문대학",200만원 ~ 300만원,41.597500000000004,2.349354656,3.37604250675
여성,30~39,4년제이상 대학,소득없음,44.637499999999996,12.460446848038712,0.0
남성,40~49,고등학교,소득없음,45.8325,14.022563736253705,0.0
남성,50~59,고등학교,300만원 ~ 400만원,37.7275,2.46585513175,3.75242421275
여성,20~29,4년제이상 대학,300만원 ~ 400만원,40.4525,1.6988578644999999,2.469636574
여성,30~39,고등학교,300만원 ~ 400만원,38.375,2.0939375345,3.0812222397499998
여성,40~49,4년제이상 대학,200만원 ~ 300만원,37.8225,13.80399483160486,1.1273222247221026
여성,30~39,4년제이상 대학,소득없음,44.637499999999996,14.283543644784416,0.0
남성,20~29,4년제이상 대학,소득없음,48.0975,1.9917994465000002,2.8154899175
여성,60이상,4년제이상 대학,300만원 ~ 400만원,35.495000000000005,3.6888549045000003,5.2488972380000005
남성,40~49,4년제이상 대학,400만원 ~ 500만원,38.265,3.2693879072499996,4.7546072832499995
여성,50~59,"2,3년제 전문대학",200만원 ~ 300만원,37.49,2.823303901,4.161431643
남성,50~59,4년제이상 대학,300만원 ~ 400만원,36.8275,16.424585232096657,0.0
남성,30~39,"2,3년제 전문대학",300만원 ~ 400만원,38.5675,12.963757330103094,0.0
여성,50~59,중졸이하,200만원 ~ 300만원,42.635,10.1791528325,16.58985134425
여성,40~49,4년제이상 대학,100만원 ~ 200만원,42.7275,0.0,18.619343379301874
남성,40~49,고등학교,300만원 ~ 400만원,38.67,0.0,15.965591504443331
여성,20~29,4년제이상 대학,300만원 ~ 400만원,40.4525,0.0,11.599219701700953
남성,16~19,4년제이상 대학,200만원 ~ 300만원,41.75,3.50790923075,4.90906602725
남성,30~39,고등학교,소득없음,46.02,2.3868791165000003,3.42707558325
여성,20~29,4년제이상 대학,300만원 ~ 400만원,40.4525,1.6988578644999999,2.469636574
여성,20~29,고등학교,200만원 ~ 300만원,41.887499999999996,10.643148825095235,0.0
남성,30~39,4년제이상 대학,200만원 ~ 300만원,38.4925,0.0,13.049948021446912
남성,40~49,4년제이상 대학,400만원 ~ 500만원,38.265,12.703881361501228,3.1927216758073085
여성,16~19,4년제이상 대학,300만원 ~ 400만원,40.7325,0.0,12.39333336320414
남성,40~49,"2,3년제 전문대학",200만원 ~ 300만원,38.915000000000006,2.45103971375,3.72941844275
여성,40~49,4년제이상 대학,100만원 ~ 200만원,42.7275,4.227622348,6.79807845775
여성,30~39,4년제이상 대학,200만원 ~ 300만원,38.01,1.7769291335,2.5662508215
남성,40~49,4년제이상 대학,300만원 ~ 400만원,37.769999999999996,8.13649889741479,0.0
남성,30~39,4년제이상 대학,200만원 ~ 300만원,38.4925,0.0,13.72628417139595
여성,30~39,4년제이상 대학,300만원 ~ 400만원,37.474999999999994,0.0,10.839614290845528
남성,50~59,4년제이상 대학,200만원 ~ 300만원,37.3625,8.510581051697297,0.0
남성,60이상,4년제이상 대학,400만원 ~ 500만원,36.472500000000004,5.0635966535,7.10657421175
여성,50~59,고등학교,200만원 ~ 300만원,37.78,2.6301012249999998,3.882686896
여성,30~39,4년제이상 대학,소득없음,44.637499999999996,2.09383109425,2.9296770807500003
남성,30~39,4년제이상 대학,200만원 ~ 300만원,38.4925,0.0,9.414363290433482
남성,20~29,4년제이상 대학,200만원 ~ 300만원,41.47,1.67489748575,2.45206365825
여성,20~29,4년제이상 대학,300만원 ~ 400만원,40.4525,1.6988578644999999,2.469636574
여성,50~59,4년제이상 대학,200만원 ~ 300만원,36.88,0.0,16.724874387699696
여성,60이상,4년제이상 대학,소득없음,42.6575,0.0,11.951280585185735
여성,60이상,4년제이상 대학,300만원 ~ 400만원,35.495000000000005,0.0,19.899284285100002
남성,20~29,4년제이상 대학,100만원 미만,42.595,0.0,18.582638286655055
여성,30~39,4년제이상 대학,400만원 ~ 500만원,37.97,15.228170688880176,0.0
남성,20~29,4년제이상 대학,100만원 ~ 200만원,46.375,3.93773081825,6.2968669227500005
여성,50~59,"2,3년제 전문대학",500만원 ~ 600만원,40.6425,3.7781040460909936,19.71580811749908
남성,30~39,4년제이상 대학,300만원 ~ 400만원,37.957499999999996,1.6126830402499999,2.43598813825
남성,60이상,4년제이상 대학,200만원 ~ 300만원,36.5125,0.0,19.61685375733193
남성,16~19,4년제이상 대학,300만원 ~ 400만원,41.215,7.521000227040339,0.3760562699659076
여성,50~59,4년제이상 대학,300만원 ~ 400만원,36.345,18.10591893215954,0.0
여성,20~29,고등학교,600만원 ~ 700만원,40.86,26.449031339583172,17.611524401303583
여성,20~29,고등학교,소득없음,48.51499999999999,13.926086767038107,0.12663263314493367
여성,20~29,4년제이상 대학,100만원 미만,42.1125,17.78053112870915,2.896875084288146
여성,20~29,4년제이상 대학,300만원 ~ 400만원,40.4525,10.541144908365965,0.0
남성,20~29,고등학교,소득없음,48.997499999999995,2.3789507047500003,3.3868062195
여성,20~29,고등학교,200만원 ~ 300만원,41.887499999999996,16.451106825309214,0.17829291815891946
여성,20~29,고등학교,700만원 이상,46.037499999999994,47.82632474332971,64.44506654481047
남성,30~39,"2,3년제 전문대학",소득없음,45.730000000000004,2.5800817924999997,3.7058203302500003
남성,20~29,4년제이상 대학,300만원 ~ 400만원,40.935,12.91388873226343,0.0
여성,20~29,고등학교,소득없음,48.51499999999999,0.0,18.5243057067004
여성,30~39,4년제이상 대학,200만원 ~ 300만원,38.01,9.37266887059501,0.0
남성,30~39,4년제이상 대학,300만원 ~ 400만원,37.957499999999996,1.6126830402499999,2.43598813825
여성,30~39,4년제이상 대학,소득없음,44.637499999999996,0.0,11.870815074300074
남성,50~59,4년제이상 대학,200만원 ~ 300만원,37.3625,2.14884673075,3.2374527945
여성,20~29,4년제이상 대학,300만원 ~ 400만원,40.4525,11.29243992032589,0.0
남성,40~49,중졸이하,소득없음,50.6875,5.338693163122975,28.847078012548003
남성,30~39,4년제이상 대학,200만원 ~ 300만원,38.4925,1.6828258975,2.492333022
여성,30~39,고등학교,300만원 ~ 400만원,38.375,2.0939375345,3.0812222397499998
남성,16~19,"2,3년제 전문대학",200만원 ~ 300만원,42.36000000000001,0.0,11.99933094340733
여성,30~39,4년제이상 대학,소득없음,44.637499999999996,8.925601913390683,0.0
남성,50~59,"2,3년제 전문대학",300만원 ~ 400만원,37.4375,15.310839397894938,0.0
남성,40~49,"2,3년제 전문대학",300만원 ~ 400만원,38.38,2.3808968565,3.673073559
남성,16~19,"2,3년제 전문대학",200만원 ~ 300만원,42.36000000000001,0.0,18.376163599800307
여성,40~49,고등학교,소득없음,45.35,0.0,13.385356828098303
남성,60이상,고등학교,300만원 ~ 400만원,36.8775,3.98190292675,5.7462957405
남성,20~29,4년제이상 대학,소득없음,48.0975,0.0,13.94914752199335
여성,30~39,고등학교,소득없음,45.5375,2.4809823525,3.50099338275
여성,40~49,"2,3년제 전문대학",300만원 ~ 400만원,37.8975,12.630115574081872,0.0
여성,30~39,고등학교,200만원 ~ 300만원,38.91,0.0,12.010316820060677
여성,20~29,4년제이상 대학,300만원 ~ 400만원,40.4525,12.143802936300869,0.0
남성,40~49,4년제이상 대학,300만원 ~ 400만원,37.769999999999996,0.0,8.240363414187982
남성,40~49,4년제이상 대학,300만원 ~ 400만원,37.769999999999996,13.37486810750905,0.0
남성,16~19,4년제이상 대학,100만원 미만,42.875,19.08797120332349,10.318735115302676
여성,30~39,4년제이상 대학,소득없음,44.637499999999996,2.09383109425,2.9296770807500003
남성,40~49,4년제이상 대학,300만원 ~ 400만원,37.769999999999996,1.8005429222499998,2.82301251
남성,60이상,고등학교,300만원 ~ 400만원,36.8775,10.948774371086756,0.0
남성,30~39,고등학교,소득없음,46.02,0.0,11.791984833467517
남성,16~19,"2,3년제 전문대학",300만원 ~ 400만원,41.825,0.0,13.326552017878718
남성,40~49,고등학교,400만원 ~ 500만원,39.165,14.149050710054878,2.0329775051648973
여성,30~39,4년제이상 대학,300만원 ~ 400만원,37.474999999999994,0.0,6.865836977642537
여성,40~49,4년제이상 대학,200만원 ~ 300만원,37.8225,0.0,14.950164493505362
여성,40~49,고등학교,300만원 ~ 400만원,38.1875,2.2817974165,3.4682466114999997
여성,50~59,4년제이상 대학,300만원 ~ 400만원,36.345,13.786542745048454,0.0
여성,60이상,4년제이상 대학,200만원 ~ 300만원,36.03,14.973027459780166,1.2098617517290577
여성,30~39,중졸이하,300만원 ~ 400만원,43.230000000000004,2.9947175964425945,23.794912511725602
남성,30~39,4년제이상 대학,600만원 ~ 700만원,37.465,16.886492564999998,21.2283862865
여성,20~29,4년제이상 대학,300만원 ~ 400만원,40.4525,9.337815677508948,0.0
여성,16~19,4년제이상 대학,500만원 ~ 600만원,44.42,15.35145298969731,3.3223583010966244
여성,50~59,4년제이상 대학,200만원 ~ 300만원,36.88,6.585791323189243,0.9500353726818092
여성,20~29,4년제이상 대학,소득없음,47.614999999999995,12.26303477556399,0.0
여성,30~39,4년제이상 대학,300만원 ~ 400만원,37.474999999999994,12.922098071990643,0.0
남성,20~29,"2,3년제 전문대학",200만원 ~ 300만원,42.080000000000005,0.0,14.685441256653496
여성,16~19,대학원 이상,300만원 ~ 400만원,60.31999999999999,25.955776145301424,15.23498701616354
남성,16~19,4년제이상 대학,300만원 ~ 400만원,41.215,13.786717367453264,3.789222487960423
여성,20~29,4년제이상 대학,400만원 ~ 500만원,40.9475,0.0,16.948659471196066
여성,30~39,4년제이상 대학,300만원 ~ 400만원,37.474999999999994,0.0,10.78327619364597
여성,60이상,4년제이상 대학,200만원 ~ 300만원,36.03,3.75899776175,5.30524212175
여성,50~59,고등학교,300만원 ~ 400만원,37.245000000000005,14.536491482203765,0.0
남성,40~49,고등학교,600만원 ~ 700만원,38.1775,17.46150370525,22.186726960250002
남성,40~49,고등학교,소득없음,45.8325,1.4295123415866806,11.353166219870591
남성,20~29,4년제이상 대학,소득없음,48.0975,1.9917994465000002,2.8154899175
남성,20~29,4년제이상 대학,300만원 ~ 400만원,40.935,16.79367136371359,0.0
남성,20~29,"2,3년제 전문대학",400만원 ~ 500만원,42.040000000000006,3.65395354775,5.17737459675
여성,30~39,4년제이상 대학,100만원 미만,39.135,6.7139291335,9.826522836
남성,16~19,고등학교,300만원 ~ 400만원,42.114999999999995,3.82491763175,5.424037445500001
여성,40~49,고등학교,200만원 ~ 300만원,38.7225,0.0,14.032505579988687
남성,20~29,고등학교,소득없음,48.997499999999995,2.3789507047500003,3.3868062195
여성,20~29,4년제이상 대학,400만원 ~ 500만원,40.9475,3.1677028495,4.40123134725
여성,20~29,고등학교,200만원 ~ 300만원,41.887499999999996,2.1561519799999997,3.09729775975
여성,60이상,4년제이상 대학,300만원 ~ 400만원,35.495000000000005,3.6888549045000003,5.2488972380000005
여성,30~39,4년제이상 대학,200만원 ~ 300만원,38.01,1.7769291335,2.5662508215
여성,20~29,4년제이상 대학,소득없음,47.614999999999995,9.725075452993613,0.0
여성,40~49,4년제이상 대학,300만원 ~ 400만원,37.287499999999994,0.0,14.40566564198031
여성,20~29,고등학교,소득없음,48.51499999999999,0.0,14.457726175385558
남성,30~39,고등학교,200만원 ~ 300만원,39.3925,2.06997715575,3.063649324
남성,50~59,4년제이상 대학,300만원 ~ 400만원,36.8275,2.0787038735,3.1811079107499998
남성,40~49,고등학교,200만원 ~ 300만원,39.205,2.25783703775,3.45067369575
남성,20~29,"2,3년제 전문대학",소득없음,48.7075,0.6164231347081248,17.021934408144954
남성,20~29,고등학교,300만원 ~ 400만원,41.834999999999994,0.0,11.76295933028095
여성,40~49,4년제이상 대학,300만원 ~ 400만원,37.287499999999994,1.8946461582499998,2.8969303094999996
여성,60이상,4년제이상 대학,소득없음,42.6575,4.0758997225,5.668668381
여성,20~29,4년제이상 대학,200만원 ~ 300만원,40.9875,1.76900072175,2.52598145775
여성,20~29,4년제이상 대학,200만원 ~ 300만원,40.9875,0.0,16.435401169597423
남성,30~39,"2,3년제 전문대학",100만원 ~ 200만원,44.0075,11.977048854583412,0.0
남성,20~29,4년제이상 대학,200만원 ~ 300만원,41.47,1.67489748575,2.45206365825
남성,30~39,고등학교,소득없음,46.02,0.0,12.712503486165982
남성,20~29,4년제이상 대학,소득없음,48.0975,11.336634789770558,0.0
여성,20~29,고등학교,소득없음,48.51499999999999,0.0,14.219201151300812
남성,40~49,고등학교,200만원 ~ 300만원,39.205,2.25783703775,3.45067369575
남성,20~29,4년제이상 대학,소득없음,48.0975,0.0,12.001034737207274
남성,40~49,고등학교,300만원 ~ 400만원,38.67,0.0,11.789893960642836
여성,40~49,4년제이상 대학,300만원 ~ 400만원,37.287499999999994,1.8946461582499998,2.8969303094999996
여성,20~29,4년제이상 대학,200만원 ~ 300만원,40.9875,0.0,15.850232458329558
남성,30~39,4년제이상 대학,300만원 ~ 400만원,37.957499999999996,0.0,15.09757532063781
여성,40~49,4년제이상 대학,소득없음,44.449999999999996,12.652152546269207,0.0
남성,20~29,고등학교,200만원 ~ 300만원,42.37,2.062048744,3.0233799602499998
남성,20~29,4년제이상 대학,소득없음,48.0975,9.621393327005375,0.0
남성,50~59,고등학교,소득없음,44.89,8.198193314494386,2.6067079400799633
남성,40~49,4년제이상 대학,300만원 ~ 400만원,37.769999999999996,0.0,8.724081830080943
남성,30~39,4년제이상 대학,400만원 ~ 500만원,38.4525,3.08152802525,4.3675829114999996
여성,30~39,"2,3년제 전문대학",소득없음,45.2475,12.694968465263253,0.0
여성,30~39,4년제이상 대학,200만원 ~ 300만원,38.01,14.834270848538708,0.0
여성,30~39,4년제이상 대학,200만원 ~ 300만원,38.01,8.726302241624186,0.0
남성,40~49,"2,3년제 전문대학",300만원 ~ 400만원,38.38,0.0,13.430958207639655
여성,60이상,4년제이상 대학,300만원 ~ 400만원,35.495000000000005,15.224883445838874,0.0
여성,40~49,4년제이상 대학,200만원 ~ 300만원,37.8225,1.9647890154999998,2.9532751932499997
여성,30~39,4년제이상 대학,200만원 ~ 300만원,38.01,1.7769291335,2.5662508215
여성,20~29,4년제이상 대학,300만원 ~ 400만원,40.4525,4.5949646452871,0.11410480850314775
여성,20~29,고등학교,300만원 ~ 400만원,41.35249999999999,2.08600912275,3.040952876
남성,20~29,4년제이상 대학,300만원 ~ 400만원,40.935,10.734656147691679,0.0
여성,60이상,"2,3년제 전문대학",소득없음,43.2675,0.0,14.722704706816508
남성,30~39,고등학교,소득없음,46.02,0.0,11.656232044756987
남성,16~19,고등학교,300만원 ~ 400만원,42.114999999999995,13.407604318403894,2.6158056878641824
여성,20~29,"2,3년제 전문대학",300만원 ~ 400만원,41.0625,2.27921179875,3.319697623
여성,50~59,고등학교,200만원 ~ 300만원,37.78,2.6301012249999998,3.882686896
남성,60이상,4년제이상 대학,300만원 ~ 400만원,35.977500000000006,14.477160538237161,1.1408853687932234
여성,50~59,"2,3년제 전문대학",300만원 ~ 400만원,36.955,2.75316104375,4.105086759250001
여성,16~19,4년제이상 대학,300만원 ~ 400만원,40.7325,3.5318696095,4.926638943
남성,20~29,4년제이상 대학,200만원 ~ 300만원,41.47,0.6306947602291093,13.29209620315671
여성,20~29,고등학교,300만원 ~ 400만원,41.35249999999999,0.0,18.50058579254121
여성,30~39,4년제이상 대학,300만원 ~ 400만원,37.474999999999994,12.038170830430412,0.0
남성,20~29,중졸이하,300만원 ~ 400만원,46.69,9.540957494249998,15.67419952475
남성,20~29,4년제이상 대학,300만원 ~ 400만원,40.935,1.6047546285,2.3957187745
여성,20~29,고등학교,100만원 미만,43.012499999999996,7.09315198,10.35756977425
여성,30~39,4년제이상 대학,300만원 ~ 400만원,37.474999999999994,0.0,11.638459337561727
남성,50~59,고등학교,200만원 ~ 300만원,38.2625,0.0,14.241062415333726
남성,20~29,4년제이상 대학,200만원 ~ 300만원,41.47,0.0,16.744582493776292
남성,50~59,고등학교,400만원 ~ 500만원,38.2225,3.93470011675,5.684018986
남성,20~29,고등학교,소득없음,48.997499999999995,2.3789507047500003,3.3868062195
여성,30~39,4년제이상 대학,200만원 ~ 300만원,38.01,1.7769291335,2.5662508215
여성,40~49,고등학교,300만원 ~ 400만원,38.1875,0.0,17.112388052346493
남성,20~29,4년제이상 대학,300만원 ~ 400만원,40.935,1.6047546285,2.3957187745
여성,30~39,고등학교,400만원 ~ 500만원,38.87,0.0,18.601957781447275
여성,40~49,4년제이상 대학,300만원 ~ 400만원,37.287499999999994,0.0,9.723116750538038
남성,20~29,4년제이상 대학,300만원 ~ 400만원,40.935,8.381309952785703,0.0
여성,40~49,고등학교,300만원 ~ 400만원,38.1875,0.0,15.854215029098686
여성,40~49,"2,3년제 전문대학",300만원 ~ 400만원,37.8975,0.0,11.923112722864335
남성,30~39,4년제이상 대학,200만원 ~ 300만원,38.4925,1.6828258975,2.492333022
남성,16~19,"2,3년제 전문대학",400만원 ~ 500만원,42.32000000000001,5.48696529275,7.6343769657500005
여성,30~39,4년제이상 대학,소득없음,44.637499999999996,14.819444546150539,0.0
여성,20~29,4년제이상 대학,200만원 ~ 300만원,40.9875,1.76900072175,2.52598145775
여성,30~39,"2,3년제 전문대학",300만원 ~ 400만원,38.085,0.0,10.557482346606417
여성,40~49,고등학교,400만원 ~ 500만원,38.6825,0.0,18.420469899244722
남성,30~39,4년제이상 대학,200만원 ~ 300만원,38.4925,0.0,8.457464908399453
여성,50~59,고등학교,400만원 ~ 500만원,37.74,17.964131658281975,0.0
남성,20~29,고등학교,300만원 ~ 400만원,41.834999999999994,12.253538001823173,0.0
남성,20~29,고등학교,300만원 ~ 400만원,41.834999999999994,15.200896052405549,0.0
남성,50~59,고등학교,200만원 ~ 300만원,38.2625,2.535997989,3.8087690965
여성,30~39,4년제이상 대학,300만원 ~ 400만원,37.474999999999994,1.70678627625,2.50990593775
여성,30~39,4년제이상 대학,소득없음,44.637499999999996,13.877740769254123,0.0
여성,20~29,4년제이상 대학,300만원 ~ 400만원,40.4525,0.0,12.644249633600648
여성,30~39,"2,3년제 전문대학",200만원 ~ 300만원,38.620000000000005,11.9159120058526,0.0
남성,20~29,"2,3년제 전문대학",200만원 ~ 300만원,42.080000000000005,0.0,11.613026182282026
여성,16~19,4년제이상 대학,300만원 ~ 400만원,40.7325,0.0,14.993465823344609
남성,20~29,"2,3년제 전문대학",소득없음,48.7075,14.032557192977357,0.0
남성,40~49,4년제이상 대학,200만원 ~ 300만원,38.305,1.8706857794999998,2.87935739375
남성,20~29,고등학교,300만원 ~ 400만원,41.834999999999994,13.939448745979114,0.0
여성,20~29,4년제이상 대학,300만원 ~ 400만원,40.4525,17.408799736157132,0.0
남성,30~39,"2,3년제 전문대학",200만원 ~ 300만원,39.102500000000006,6.647198671213289,0.0
남성,60이상,"2,3년제 전문대학",100만원 ~ 200만원,42.0275,6.5080817925,9.92618863575
남성,20~29,"2,3년제 전문대학",300만원 ~ 400만원,41.545,0.0,19.296442400421743
여성,20~29,4년제이상 대학,300만원 ~ 400만원,40.4525,2.1205582565451877,14.317966794043986
여성,20~29,4년제이상 대학,300만원 ~ 400만원,40.4525,1.6988578644999999,2.469636574
여성,20~29,"2,3년제 전문대학",300만원 ~ 400만원,41.0625,16.101497520069575,0.0
여성,30~39,고등학교,300만원 ~ 400만원,38.375,8.012492379260419,0.0
여성,20~29,4년제이상 대학,300만원 ~ 400만원,40.4525,10.053729133901395,0.0
여성,20~29,4년제이상 대학,200만원 ~ 300만원,40.9875,8.79667643103784,0.0
여성,40~49,4년제이상 대학,소득없음,44.449999999999996,0.0,12.07169740742316
남성,20~29,"2,3년제 전문대학",소득없음,48.7075,2.57215338075,3.6655509665
남성,30~39,"2,3년제 전문대학",200만원 ~ 300만원,39.102500000000006,2.2631798317499996,3.342394071
여성,40~49,고등학교,500만원 ~ 600만원,41.875,14.795918183612518,3.562052738803647
남성,20~29,"2,3년제 전문대학",300만원 ~ 400만원,41.545,2.18510856275,3.2457798235
여성,50~59,고등학교,300만원 ~ 400만원,37.245000000000005,0.0,13.984917135472017
남성,30~39,고등학교,200만원 ~ 300만원,39.3925,2.06997715575,3.063649324
남성,50~59,4년제이상 대학,300만원 ~ 400만원,36.8275,8.760016817974172,0.0
남성,40~49,4년제이상 대학,300만원 ~ 400만원,37.769999999999996,13.990733513115654,0.0
남성,40~49,4년제이상 대학,300만원 ~ 400만원,37.769999999999996,1.8005429222499998,2.82301251
남성,40~49,고등학교,200만원 ~ 300만원,39.205,12.528984155447361,0.0
남성,30~39,고등학교,소득없음,46.02,2.3868791165000003,3.42707558325
남성,20~29,고등학교,소득없음,48.997499999999995,2.3789507047500003,3.3868062195
여성,20~29,고등학교,200만원 ~ 300만원,41.887499999999996,2.1561519799999997,3.09729775975
남성,60이상,고등학교,소득없음,44.04,21.776943970529626,4.635600838324841
여성,50~59,4년제이상 대학,소득없음,43.5075,2.5598519275,3.67479685325
여성,16~19,"2,3년제 전문대학",200만원 ~ 300만원,41.877500000000005,4.1823664009999995,5.83304487575
남성,30~39,고등학교,100만원 ~ 200만원,44.2975,4.33281048825,6.9084525885
여성,40~49,고등학교,소득없음,45.35,13.285498528160534,0.0
여성,20~29,"2,3년제 전문대학",400만원 ~ 500만원,41.557500000000005,16.049832275783373,0.8033634777913283
남성,16~19,"2,3년제 전문대학",100만원 ~ 200만원,47.26500000000001,6.3510964974999995,9.60393034075
남성,20~29,"2,3년제 전문대학",400만원 ~ 500만원,42.040000000000006,0.3722668724116036,15.27680244017855
남성,50~59,고등학교,200만원 ~ 300만원,38.2625,0.0,13.52150949613296
여성,20~29,고등학교,400만원 ~ 500만원,41.8475,3.5548541077499998,4.97254764925
남성,40~49,4년제이상 대학,300만원 ~ 400만원,37.769999999999996,1.8005429222499998,2.82301251
여성,50~59,"2,3년제 전문대학",300만원 ~ 400만원,36.955,15.600059913642312,1.687843160391647
여성,20~29,고등학교,100만원 미만,43.012499999999996,19.425418308125103,3.721125915848517
여성,30~39,중졸이하,소득없음,50.3925,19.971443686768474,9.504329869859605
여성,40~49,4년제이상 대학,200만원 ~ 300만원,37.8225,1.9647890154999998,2.9532751932499997
남성,30~39,4년제이상 대학,100만원 ~ 200만원,43.3975,3.9456592299999995,6.3371362865
남성,20~29,고등학교,200만원 ~ 300만원,42.37,8.312942253674027,0.0
남성,20~29,고등학교,소득없음,48.997499999999995,11.624736123245835,0.0
여성,50~59,4년제이상 대학,200만원 ~ 300만원,36.88,0.0,8.627465561156876
여성,30~39,4년제이상 대학,300만원 ~ 400만원,37.474999999999994,1.70678627625,2.50990593775
여성,30~39,고등학교,200만원 ~ 300만원,38.91,6.789176965678731,0.0
남성,16~19,4년제이상 대학,소득없음,48.3775,3.8248111915000003,5.2724922865
남성,20~29,고등학교,200만원 ~ 300만원,42.37,13.394650783161378,0.0
남성,30~39,4년제이상 대학,300만원 ~ 400만원,37.957499999999996,1.6126830402499999,2.43598813825
여성,20~29,4년제이상 대학,300만원 ~ 400만원,40.4525,0.0,15.602069370464143
여성,50~59,4년제이상 대학,200만원 ~ 300만원,36.88,0.0,18.447916889702466
여성,40~49,4년제이상 대학,200만원 ~ 300만원,37.8225,1.9647890154999998,2.9532751932499997
여성,40~49,고등학교,소득없음,45.35,2.6688422345,3.8880177545
남성,40~49,"2,3년제 전문대학",300만원 ~ 400만원,38.38,13.943818950076102,0.0
여성,60이상,대학원 이상,300만원 ~ 400만원,55.082499999999996,32.27360104358648,17.018836383657987
여성,16~19,고등학교,300만원 ~ 400만원,41.63249999999999,3.91902086775,5.497955245
남성,60이상,"2,3년제 전문대학",소득없음,43.75,16.231687240076255,3.730165349468675
남성,50~59,4년제이상 대학,500만원 ~ 600만원,40.515,0.0,16.880079010921538
남성,16~19,"2,3년제 전문대학",400만원 ~ 500만원,42.32000000000001,5.48696529275,7.6343769657500005
여성,50~59,4년제이상 대학,소득없음,43.5075,2.5598519275,3.67479685325
여성,20~29,고등학교,200만원 ~ 300만원,41.887499999999996,0.0,8.14389446094702
남성,30~39,4년제이상 대학,300만원 ~ 400만원,37.957499999999996,1.6126830402499999,2.43598813825
남성,30~39,4년제이상 대학,소득없음,45.12,1.99972785825,2.85575928125
남성,40~49,4년제이상 대학,300만원 ~ 400만원,37.769999999999996,1.8005429222499998,2.82301251
남성,40~49,4년제이상 대학,300만원 ~ 400만원,37.769999999999996,0.0,14.875793697490627
여성,30~39,4년제이상 대학,소득없음,44.637499999999996,0.0,19.654050538789306
남성,30~39,"2,3년제 전문대학",300만원 ~ 400만원,38.5675,1.370027220592517,13.910356296334852
남성,60이상,4년제이상 대학,200만원 ~ 300만원,36.5125,9.37675453267697,0.35628966439454235
여성,20~29,"2,3년제 전문대학",200만원 ~ 300만원,41.597500000000004,0.9557482199483869,14.169322648666283
여성,30~39,고등학교,소득없음,45.5375,0.5872631866611076,18.89922595575262
남성,50~59,4년제이상 대학,300만원 ~ 400만원,36.8275,0.0,11.522531006061275
남성,50~59,고등학교,300만원 ~ 400만원,37.7275,0.19961176229562172,13.947644380328951
남성,30~39,고등학교,300만원 ~ 400만원,38.8575,11.260768329259472,0.0
남성,40~49,4년제이상 대학,200만원 ~ 300만원,38.305,14.958926245628188,0.18768290418263733
남성,30~39,고등학교,300만원 ~ 400만원,38.8575,11.786562177219942,0.0
여성,50~59,4년제이상 대학,300만원 ~ 400만원,36.345,9.369918546140081,0.0
여성,40~49,4년제이상 대학,100만원 ~ 200만원,42.7275,16.756669110735213,0.0
여성,60이상,고등학교,300만원 ~ 400만원,36.394999999999996,1.1885816093969988,11.059029771799985
여성,60이상,고등학교,200만원 ~ 300만원,36.93,4.14614902,5.87655842375
여성,30~39,고등학교,300만원 ~ 400만원,38.375,2.0939375345,3.0812222397499998
남성,20~29,4년제이상 대학,300만원 ~ 400만원,40.935,13.474897153213611,3.3687578671220044
여성,50~59,4년제이상 대학,200만원 ~ 300만원,36.88,5.81059205255225,0.0
여성,40~49,4년제이상 대학,400만원 ~ 500만원,37.7825,3.36349114325,4.82852508275
남성,16~19,"2,3년제 전문대학",700만원 이상,46.510000000000005,53.53011680989349,68.66312137258596
여성,40~49,"2,3년제 전문대학",500만원 ~ 600만원,41.585,6.29761913975,8.92540141175
여성,50~59,4년제이상 대학,400만원 ~ 500만원,36.84,10.954589912724574,0.0
남성,16~19,4년제이상 대학,400만원 ~ 500만원,41.71,0.0,19.03117784266604
여성,50~59,"2,3년제 전문대학",400만원 ~ 500만원,37.45,12.154948567499488,0.0
여성,20~29,4년제이상 대학,200만원 ~ 300만원,40.9875,0.0,15.158320974197087
남성,30~39,4년제이상 대학,500만원 ~ 600만원,41.644999999999996,5.4353020875,7.614398191499999
남성,20~29,"2,3년제 전문대학",300만원 ~ 400만원,41.545,2.18510856275,3.2457798235
남성,30~39,4년제이상 대학,400만원 ~ 500만원,38.4525,13.039902782912332,0.0
여성,20~29,고등학교,200만원 ~ 300만원,41.887499999999996,2.1561519799999997,3.09729775975
여성,20~29,4년제이상 대학,소득없음,47.614999999999995,2.0859026825,2.889407717
남성,40~49,고등학교,소득없음,45.8325,2.5747389985,3.814099955
여성,50~59,4년제이상 대학,200만원 ~ 300만원,36.88,14.779794604778225,0.29401412411609273
여성,60이상,4년제이상 대학,400만원 ~ 500만원,35.99,0.0,19.43780382708746
여성,40~49,중졸이하,100만원 미만,44.7025,27.466857419137618,16.410401198344797
여성,30~39,4년제이상 대학,400만원 ~ 500만원,37.97,3.17563126125,4.441500711
남성,20~29,4년제이상 대학,200만원 ~ 300만원,41.47,12.018480057701554,0.6538247672570727
여성,20~29,고등학교,200만원 ~ 300만원,41.887499999999996,13.694545378023317,0.0
남성,50~59,4년제이상 대학,300만원 ~ 400만원,36.8275,12.99576179722294,0.0
여성,20~29,4년제이상 대학,200만원 ~ 300만원,40.9875,15.031748836269877,0.0
남성,30~39,4년제이상 대학,500만원 ~ 600만원,41.644999999999996,5.4353020875,7.614398191499999
여성,20~29,4년제이상 대학,200만원 ~ 300만원,40.9875,1.76900072175,2.52598145775
여성,50~59,"2,3년제 전문대학",300만원 ~ 400만원,36.955,2.75316104375,4.105086759250001
여성,20~29,고등학교,300만원 ~ 400만원,41.35249999999999,0.0,13.768318571117524
여성,30~39,4년제이상 대학,200만원 ~ 300만원,38.01,1.7769291335,2.5662508215
남성,50~59,고등학교,300만원 ~ 400만원,37.7275,0.0,11.382051710395798
여성,30~39,중졸이하,소득없음,50.3925,21.05439252574622,13.979165319017122
남성,30~39,중졸이하,300만원 ~ 400만원,43.712500000000006,2.5740040840525626,23.877590056425433
여성,30~39,고등학교,300만원 ~ 400만원,38.375,2.0939375345,3.0812222397499998
남성,30~39,4년제이상 대학,300만원 ~ 400만원,37.957499999999996,1.6126830402499999,2.43598813825
여성,20~29,"2,3년제 전문대학",600만원 ~ 700만원,40.57000000000001,7.006455777381182,28.964089914367786
남성,20~29,4년제이상 대학,200만원 ~ 300만원,41.47,1.67489748575,2.45206365825
여성,40~49,4년제이상 대학,300만원 ~ 400만원,37.287499999999994,15.76617501806809,0.0
남성,30~39,"2,3년제 전문대학",300만원 ~ 400만원,38.5675,0.0,6.783905117938396
여성,40~49,4년제이상 대학,소득없음,44.449999999999996,15.232530971740804,0.0
남성,50~59,4년제이상 대학,300만원 ~ 400만원,36.8275,0.0,15.449541641189057
여성,50~59,4년제이상 대학,200만원 ~ 300만원,36.88,2.24294996675,3.311370594
여성,20~29,"2,3년제 전문대학",300만원 ~ 400만원,41.0625,15.866791631174769,0.0
남성,30~39,고등학교,소득없음,46.02,14.635962654865605,0.0
남성,20~29,4년제이상 대학,소득없음,48.0975,0.0,11.543629309251546
남성,40~49,4년제이상 대학,300만원 ~ 400만원,37.769999999999996,1.8005429222499998,2.82301251
남성,30~39,"2,3년제 전문대학",소득없음,45.730000000000004,0.0,15.538452078129469
여성,30~39,고등학교,300만원 ~ 400만원,38.375,10.513931583000858,0.0
여성,50~59,"2,3년제 전문대학",400만원 ~ 500만원,37.45,4.22200602875,6.0366815325
남성,30~39,고등학교,소득없음,46.02,2.3868791165000003,3.42707558325
여성,30~39,4년제이상 대학,200만원 ~ 300만원,38.01,0.0,17.58380370815188
여성,40~49,"2,3년제 전문대학",300만원 ~ 400만원,37.8975,13.800561716286909,0.39121144582508993
남성,30~39,4년제이상 대학,소득없음,45.12,1.99972785825,2.85575928125
여성,40~49,4년제이상 대학,300만원 ~ 400만원,37.287499999999994,15.509940381715124,0.0
여성,60이상,4년제이상 대학,500만원 ~ 600만원,39.182500000000005,17.289921925479504,8.768618679358912
여성,40~49,4년제이상 대학,200만원 ~ 300만원,37.8225,1.9647890154999998,2.9532751932499997
남성,50~59,대학원 이상,300만원 ~ 400만원,56.41499999999999,23.590737966228392,17.846145934324028
남성,50~59,4년제이상 대학,400만원 ~ 500만원,37.3225,0.0,19.824049545845412
남성,30~39,4년제이상 대학,400만원 ~ 500만원,38.4525,0.0,15.000919623469436
여성,40~49,4년제이상 대학,400만원 ~ 500만원,37.7825,15.329263697685708,0.4329499073364733
남성,50~59,대학원 이상,200만원 ~ 300만원,56.949999999999996,23.794575526522458,11.54187925938817
남성,20~29,"2,3년제 전문대학",300만원 ~ 400만원,41.545,2.18510856275,3.2457798235
여성,20~29,"2,3년제 전문대학",300만원 ~ 400만원,41.0625,0.0,12.105882288316403
여성,30~39,4년제이상 대학,300만원 ~ 400만원,37.474999999999994,0.0,14.810550011522627
남성,50~59,고등학교,200만원 ~ 300만원,38.2625,0.0,9.264319246064328
남성,30~39,중졸이하,200만원 ~ 300만원,44.2475,9.61902876325,15.770813772250001
남성,20~29,4년제이상 대학,200만원 ~ 300만원,41.47,9.737003096117046,0.0
여성,40~49,4년제이상 대학,200만원 ~ 300만원,37.8225,9.392703298172412,1.0996867374467043
여성,40~49,4년제이상 대학,200만원 ~ 300만원,37.8225,1.9647890154999998,2.9532751932499997
남성,50~59,4년제이상 대학,200만원 ~ 300만원,37.3625,9.720907979505462,0.1421477498052348
남성,30~39,"2,3년제 전문대학",300만원 ~ 400만원,38.5675,0.0,12.772195404207618
남성,20~29,4년제이상 대학,300만원 ~ 400만원,40.935,1.6047546285,2.3957187745
여성,16~19,4년제이상 대학,소득없음,47.894999999999996,9.349161757559934,1.4029910718364595
남성,40~49,4년제이상 대학,200만원 ~ 300만원,38.305,1.8706857794999998,2.87935739375
여성,40~49,고등학교,300만원 ~ 400만원,38.1875,0.0,12.315425391237502
남성,50~59,4년제이상 대학,500만원 ~ 600만원,40.515,5.90132292075,8.359517964
여성,50~59,4년제이상 대학,200만원 ~ 300만원,36.88,16.07640678301284,0.0
여성,50~59,4년제이상 대학,300만원 ~ 400만원,36.345,2.1728071095,3.25502571025
여성,50~59,4년제이상 대학,200만원 ~ 300만원,36.88,13.959257766268912,0.0
남성,16~19,4년제이상 대학,500만원 ~ 600만원,44.9025,16.579809762961,3.130584884193844
여성,60이상,고등학교,소득없음,43.5575,0.8566562856565101,16.781684674399884
여성,40~49,4년제이상 대학,200만원 ~ 300만원,37.8225,18.42966034141828,0.0
남성,40~49,4년제이상 대학,300만원 ~ 400만원,37.769999999999996,8.159300448626277,0.0
남성,30~39,4년제이상 대학,200만원 ~ 300만원,38.4925,6.880659146525736,0.0
여성,30~39,고등학교,300만원 ~ 400만원,38.375,11.424240920818713,0.0
남성,40~49,고등학교,소득없음,45.8325,2.5747389985,3.814099955
여성,16~19,고등학교,300만원 ~ 400만원,41.63249999999999,3.91902086775,5.497955245
남성,20~29,고등학교,300만원 ~ 400만원,41.834999999999994,18.420350844008023,0.0
남성,20~29,4년제이상 대학,200만원 ~ 300만원,41.47,13.152777462598081,0.0
여성,40~49,4년제이상 대학,소득없음,44.449999999999996,0.0,16.0318499853354
남성,40~49,4년제이상 대학,300만원 ~ 400만원,37.769999999999996,0.0,17.636407799143722
여성,20~29,고등학교,300만원 ~ 400만원,41.35249999999999,2.08600912275,3.040952876
남성,40~49,4년제이상 대학,500만원 ~ 600만원,41.457499999999996,5.6231619695,8.00142256325
여성,50~59,"2,3년제 전문대학",200만원 ~ 300만원,37.49,2.823303901,4.161431643
여성,30~39,4년제이상 대학,200만원 ~ 300만원,38.01,11.961496818795926,0.0
남성,16~19,고등학교,400만원 ~ 500만원,42.61,0.0,15.94360057820585
남성,30~39,4년제이상 대학,300만원 ~ 400만원,37.957499999999996,19.35245254970965,1.5282344837637991
남성,30~39,고등학교,소득없음,46.02,2.3868791165000003,3.42707558325
여성,30~39,4년제이상 대학,100만원 ~ 200만원,42.915,12.839674274522274,1.9371358154141785
여성,60이상,4년제이상 대학,소득없음,42.6575,10.023227402223625,0.0
남성,20~29,4년제이상 대학,100만원 ~ 200만원,46.375,0.0,11.327990904480318
여성,20~29,고등학교,200만원 ~ 300만원,41.887499999999996,14.674069105944227,0.5545295139256643
남성,50~59,4년제이상 대학,300만원 ~ 400만원,36.8275,7.568984782429331,0.0
여성,30~39,고등학교,200만원 ~ 300만원,38.91,2.1640803917499998,3.1375671234999998
여성,30~39,"2,3년제 전문대학",300만원 ~ 400만원,38.085,2.2871402105,3.35996698675
여성,40~49,4년제이상 대학,300만원 ~ 400만원,37.287499999999994,0.0,11.233917178396833
여성,40~49,4년제이상 대학,400만원 ~ 500만원,37.7825,3.36349114325,4.82852508275
여성,30~39,4년제이상 대학,300만원 ~ 400만원,37.474999999999994,1.70678627625,2.50990593775
남성,20~29,고등학교,300만원 ~ 400만원,41.834999999999994,16.38936299739498,0.0
남성,16~19,고등학교,300만원 ~ 400만원,42.114999999999995,16.372338867412637,1.7893144626958453
남성,40~49,"2,3년제 전문대학",200만원 ~ 300만원,38.915000000000006,0.0,9.46020889902142
남성,50~59,4년제이상 대학,300만원 ~ 400만원,36.8275,2.0787038735,3.1811079107499998
남성,16~19,"2,3년제 전문대학",300만원 ~ 400만원,41.825,4.018120307749999,5.702782192500001
남성,16~19,4년제이상 대학,300만원 ~ 400만원,41.215,3.4377663735,4.8527211435
여성,40~49,4년제이상 대학,300만원 ~ 400만원,37.287499999999994,0.0,8.78944170215022
여성,20~29,4년제이상 대학,소득없음,47.614999999999995,14.380813748683424,0.0
여성,20~29,4년제이상 대학,300만원 ~ 400만원,40.4525,0.0,15.010314653088763
여성,60이상,4년제이상 대학,600만원 ~ 700만원,35.0025,18.962664429249998,24.041295386250003
여성,40~49,4년제이상 대학,100만원 ~ 200만원,42.7275,0.0,15.037275709079571
남성,40~49,4년제이상 대학,300만원 ~ 400만원,37.769999999999996,0.0,10.655473791148488
여성,20~29,고등학교,소득없음,48.51499999999999,12.990685731179752,0.0
남성,20~29,4년제이상 대학,700만원 이상,45.62,34.44523081075,68.31728359775
남성,30~39,고등학교,소득없음,46.02,0.0,17.66812510832088
여성,16~19,고등학교,400만원 ~ 500만원,42.1275,0.09842441755087972,14.05353499468142
여성,20~29,"2,3년제 전문대학",300만원 ~ 400만원,41.0625,2.27921179875,3.319697623
남성,20~29,4년제이상 대학,300만원 ~ 400만원,40.935,17.884976171671212,0.0
여성,40~49,4년제이상 대학,500만원 ~ 600만원,40.974999999999994,1.1693071111483038,17.97339101415814
여성,30~39,4년제이상 대학,200만원 ~ 300만원,38.01,0.0,8.865376812124289
남성,40~49,고등학교,300만원 ~ 400만원,38.67,2.1876941805,3.394328812
여성,20~29,고등학교,200만원 ~ 300만원,41.887499999999996,0.0,11.457711621504505
남성,60이상,"2,3년제 전문대학",200만원 ~ 300만원,37.1225,4.24524846,6.08138537125
남성,20~29,4년제이상 대학,200만원 ~ 300만원,41.47,5.257989752990527,0.0
남성,30~39,4년제이상 대학,200만원 ~ 300만원,38.4925,1.6828258975,2.492333022
여성,20~29,"2,3년제 전문대학",소득없음,48.225,2.66625661675,3.7394687660000003
여성,20~29,4년제이상 대학,300만원 ~ 400만원,40.4525,1.6988578644999999,2.469636574
여성,20~29,4년제이상 대학,100만원 ~ 200만원,45.8925,8.671070800342623,4.613470295732183
여성,40~49,4년제이상 대학,300만원 ~ 400만원,37.287499999999994,0.06485065633929277,9.068351493310947
여성,30~39,4년제이상 대학,300만원 ~ 400만원,37.474999999999994,11.45094946084275,1.3066522832657865
여성,40~49,4년제이상 대학,300만원 ~ 400만원,37.287499999999994,0.0,15.777492061638826
남성,20~29,4년제이상 대학,소득없음,48.0975,1.9917994465000002,2.8154899175
남성,30~39,고등학교,300만원 ~ 400만원,38.8575,1.9998342985,3.00730444025
남성,30~39,"2,3년제 전문대학",100만원 ~ 200만원,44.0075,13.950064198990278,1.038215773697063
남성,20~29,4년제이상 대학,300만원 ~ 400만원,40.935,1.6047546285,2.3957187745
남성,30~39,4년제이상 대학,200만원 ~ 300만원,38.4925,1.6828258975,2.492333022
남성,30~39,4년제이상 대학,200만원 ~ 300만원,38.4925,12.715286175701618,0.0
남성,20~29,고등학교,300만원 ~ 400만원,41.834999999999994,1.99190588675,2.9670350764999998
여성,40~49,4년제이상 대학,200만원 ~ 300만원,37.8225,1.9647890154999998,2.9532751932499997
여성,50~59,4년제이상 대학,소득없음,43.5075,0.0,12.984140989558057
남성,30~39,4년제이상 대학,200만원 ~ 300만원,38.4925,13.83319608500113,0.0
남성,40~49,4년제이상 대학,400만원 ~ 500만원,38.265,0.0,16.915781484783334
남성,16~19,고등학교,300만원 ~ 400만원,42.114999999999995,10.02029681638081,0.9437675676053496
남성,40~49,고등학교,200만원 ~ 300만원,39.205,14.373612593239802,0.0
남성,50~59,4년제이상 대학,소득없음,43.989999999999995,13.934116169007693,0.0
남성,20~29,4년제이상 대학,100만원 ~ 200만원,46.375,0.11574730557463431,14.81425282203637
남성,30~39,고등학교,200만원 ~ 300만원,39.3925,0.0,12.445381923755438
남성,40~49,고등학교,300만원 ~ 400만원,38.67,2.1876941805,3.394328812
여성,40~49,4년제이상 대학,100만원 미만,38.9475,13.669309799814748,4.826948020526644
여성,40~49,4년제이상 대학,500만원 ~ 600만원,40.974999999999994,5.7172652055,8.07534036275
여성,30~39,고등학교,200만원 ~ 300만원,38.91,0.0,10.849494361231283
남성,50~59,고등학교,300만원 ~ 400만원,37.7275,15.34394305750821,0.0
여성,30~39,고등학교,400만원 ~ 500만원,38.87,3.5627825195,5.012817012999999
여성,20~29,고등학교,500만원 ~ 600만원,45.03999999999999,11.775172219827132,5.248400092385747
남성,20~29,대학원 이상,300만원 ~ 400만원,60.522499999999994,16.15042718925,19.50128285725
여성,40~49,4년제이상 대학,300만원 ~ 400만원,37.287499999999994,1.8946461582499998,2.8969303094999996
남성,20~29,4년제이상 대학,300만원 ~ 400만원,40.935,1.6047546285,2.3957187745
남성,30~39,4년제이상 대학,200만원 ~ 300만원,38.4925,6.502863518081447,0.0
여성,40~49,"2,3년제 전문대학",300만원 ~ 400만원,37.8975,6.910111218958586,0.0
여성,40~49,4년제이상 대학,200만원 ~ 300만원,37.8225,1.9647890154999998,2.9532751932499997
여성,40~49,4년제이상 대학,300만원 ~ 400만원,37.287499999999994,11.65490482265173,0.0
여성,20~29,4년제이상 대학,300만원 ~ 400만원,40.4525,15.472845510694412,0.0
남성,30~39,4년제이상 대학,200만원 ~ 300만원,38.4925,0.0,9.579653004760749
남성,40~49,4년제이상 대학,300만원 ~ 400만원,37.769999999999996,14.232113654957686,0.1602930441407735
남성,40~49,고등학교,300만원 ~ 400만원,38.67,14.142137504537885,0.0
남성,20~29,4년제이상 대학,200만원 ~ 300만원,41.47,1.67489748575,2.45206365825
남성,50~59,4년제이상 대학,300만원 ~ 400만원,36.8275,16.89137962453146,0.0
남성,30~39,고등학교,300만원 ~ 400만원,38.8575,9.330345860194226,0.0
남성,40~49,"2,3년제 전문대학",500만원 ~ 600만원,42.0675,21.214849658021954,4.342632979636225
남성,30~39,4년제이상 대학,소득없음,45.12,1.99972785825,2.85575928125
여성,60이상,고등학교,300만원 ~ 400만원,36.394999999999996,4.07600616275,5.82021354
남성,50~59,4년제이상 대학,200만원 ~ 300만원,37.3625,13.789726307416126,0.0
여성,20~29,고등학교,200만원 ~ 300만원,41.887499999999996,2.1561519799999997,3.09729775975
여성,20~29,고등학교,500만원 ~ 600만원,45.03999999999999,21.277858841645397,0.08717263645592688
남성,30~39,"2,3년제 전문대학",300만원 ~ 400만원,38.5675,2.1930369745,3.28604918725
여성,30~39,4년제이상 대학,100만원 ~ 200만원,42.915,4.039762466,6.411054086
남성,20~29,"2,3년제 전문대학",300만원 ~ 400만원,41.545,0.0,16.80808464588675
여성,30~39,고등학교,400만원 ~ 500만원,38.87,0.7522865593977413,11.739350773000648
남성,20~29,4년제이상 대학,100만원 ~ 200만원,46.375,0.0,17.504657468434125
여성,20~29,4년제이상 대학,200만원 ~ 300만원,40.9875,1.76900072175,2.52598145775
여성,30~39,4년제이상 대학,300만원 ~ 400만원,37.474999999999994,0.0,7.168493543687689
여성,30~39,4년제이상 대학,400만원 ~ 500만원,37.97,17.944331452793524,0.0
남성,20~29,4년제이상 대학,소득없음,48.0975,1.9917994465000002,2.8154899175
여성,16~19,4년제이상 대학,300만원 ~ 400만원,40.7325,0.0,17.00523546131357
여성,30~39,고등학교,200만원 ~ 300만원,38.91,0.5269656167247145,15.956764418944088
남성,60이상,4년제이상 대학,소득없음,43.14,3.9817964865000004,5.5947505815
남성,60이상,4년제이상 대학,300만원 ~ 400만원,35.977500000000006,3.5947516685000003,5.1749794385
여성,40~49,4년제이상 대학,400만원 ~ 500만원,37.7825,0.0,16.5356787738672
남성,50~59,"2,3년제 전문대학",600만원 ~ 700만원,36.945,17.9328673325,22.823567108000002
여성,60이상,4년제이상 대학,300만원 ~ 400만원,35.495000000000005,2.106289778794385,13.780045973803166
남성,30~39,고등학교,소득없음,46.02,0.0,6.864978749828667
여성,40~49,4년제이상 대학,300만원 ~ 400만원,37.287499999999994,12.624028693663037,0.0
여성,30~39,4년제이상 대학,소득없음,44.637499999999996,0.0,8.359918212589434
남성,40~49,4년제이상 대학,200만원 ~ 300만원,38.305,13.028270388199594,0.0
남성,60이상,4년제이상 대학,500만원 ~ 600만원,39.665000000000006,19.558797886626966,3.4156172352385106
남성,40~49,고등학교,소득없음,45.8325,6.198104720319922,0.0
남성,60이상,고등학교,300만원 ~ 400만원,36.8775,3.98190292675,5.7462957405
여성,16~19,"2,3년제 전문대학",100만원 미만,43.002500000000005,9.119366401,13.093316890250001
여성,30~39,4년제이상 대학,200만원 ~ 300만원,38.01,7.934669053166889,0.0
남성,40~49,4년제이상 대학,200만원 ~ 300만원,38.305,16.785170030916763,0.0
여성,40~49,고등학교,100만원 ~ 200만원,43.6275,4.61477360625,7.36939475975
남성,30~39,4년제이상 대학,100만원 ~ 200만원,43.3975,3.9456592299999995,6.3371362865
여성,20~29,"2,3년제 전문대학",200만원 ~ 300만원,41.597500000000004,2.349354656,3.37604250675
여성,30~39,"2,3년제 전문대학",400만원 ~ 500만원,38.58,16.59187012161621,3.042178588464184
여성,30~39,고등학교,200만원 ~ 300만원,38.91,0.0,14.416225407636148
남성,30~39,중졸이하,300만원 ~ 400만원,43.712500000000006,5.916051847138079,26.514479526665184
여성,16~19,"2,3년제 전문대학",300만원 ~ 400만원,41.3425,13.209784856345514,1.141065694050134
여성,30~39,"2,3년제 전문대학",300만원 ~ 400만원,38.085,10.007458819339101,0.0
남성,30~39,4년제이상 대학,300만원 ~ 400만원,37.957499999999996,1.6126830402499999,2.43598813825
여성,40~49,4년제이상 대학,100만원 ~ 200만원,42.7275,0.0,17.70998997593494
남성,30~39,4년제이상 대학,200만원 ~ 300만원,38.4925,0.0,14.462912552067118
여성,60이상,"2,3년제 전문대학",300만원 ~ 400만원,36.105000000000004,4.26920883875,6.098958287
여성,30~39,4년제이상 대학,300만원 ~ 400만원,37.474999999999994,0.0,10.069137971294682
여성,40~49,4년제이상 대학,100만원 ~ 200만원,42.7275,0.3838704528261765,17.73833820118267
여성,16~19,4년제이상 대학,소득없음,47.894999999999996,3.9189144275,5.346410086000001
남성,20~29,4년제이상 대학,200만원 ~ 300만원,41.47,1.67489748575,2.45206365825
남성,16~19,4년제이상 대학,소득없음,48.3775,1.134176908719565,23.08345791198738
남성,30~39,4년제이상 대학,200만원 ~ 300만원,38.4925,1.6828258975,2.492333022
여성,16~19,4년제이상 대학,300만원 ~ 400만원,40.7325,3.5318696095,4.926638943
여성,30~39,4년제이상 대학,300만원 ~ 400만원,37.474999999999994,1.70678627625,2.50990593775
여성,20~29,4년제이상 대학,200만원 ~ 300만원,40.9875,10.287183545566966,0.0
남성,20~29,4년제이상 대학,소득없음,48.0975,14.065493798157744,0.0
남성,50~59,4년제이상 대학,700만원 이상,41.512499999999996,34.91918005575,69.102672734
남성,20~29,"2,3년제 전문대학",300만원 ~ 400만원,41.545,10.451632957547591,0.0
남성,50~59,고등학교,200만원 ~ 300만원,38.2625,12.90464902513751,0.0
여성,40~49,"2,3년제 전문대학",300만원 ~ 400만원,37.8975,11.8467065709517,0.673943200691776
남성,20~29,4년제이상 대학,소득없음,48.0975,1.9917994465000002,2.8154899175
여성,20~29,4년제이상 대학,소득없음,47.614999999999995,2.0859026825,2.889407717
남성,30~39,"2,3년제 전문대학",소득없음,45.730000000000004,0.0,16.35144530052201
남성,50~59,"2,3년제 전문대학",소득없음,44.6,3.0461026257499997,4.45094010275
여성,40~49,4년제이상 대학,400만원 ~ 500만원,37.7825,3.36349114325,4.82852508275
남성,30~39,고등학교,300만원 ~ 400만원,38.8575,1.9998342985,3.00730444025
남성,30~39,4년제이상 대학,100만원 ~ 200만원,43.3975,2.4326971042738963,16.812977544577215
여성,16~19,4년제이상 대학,100만원 미만,42.3925,8.53901246675,12.24325584125
여성,30~39,4년제이상 대학,300만원 ~ 400만원,37.474999999999994,0.0,11.648018060243812
남성,50~59,고등학교,200만원 ~ 300만원,38.2625,2.535997989,3.8087690965
남성,30~39,4년제이상 대학,소득없음,45.12,0.0,12.415377951292122
여성,40~49,고등학교,300만원 ~ 400만원,38.1875,0.0,13.724481185932401
남성,30~39,고등학교,300만원 ~ 400만원,38.8575,11.275978182816093,0.0
여성,20~29,4년제이상 대학,소득없음,47.614999999999995,11.535435499798067,0.523928321673564
남성,40~49,4년제이상 대학,300만원 ~ 400만원,37.769999999999996,1.8005429222499998,2.82301251
여성,30~39,4년제이상 대학,300만원 ~ 400만원,37.474999999999994,0.0,12.659443909144843
여성,50~59,고등학교,소득없음,44.4075,2.94700318575,4.246113155250001
여성,60이상,4년제이상 대학,700만원 이상,40.18,29.738845209948515,81.50399231499634
남성,50~59,4년제이상 대학,300만원 ~ 400만원,36.8275,0.0,6.200732667729886
남성,30~39,4년제이상 대학,300만원 ~ 400만원,37.957499999999996,12.769385249612993,0.0
여성,60이상,고등학교,100만원 ~ 200만원,41.835,2.228422472371249,19.18414669817011
남성,30~39,4년제이상 대학,소득없음,45.12,0.0,11.587648508392801
여성,20~29,4년제이상 대학,소득없음,47.614999999999995,2.0859026825,2.889407717
여성,30~39,고등학교,400만원 ~ 500만원,38.87,3.5627825195,5.012817012999999
남성,40~49,4년제이상 대학,300만원 ~ 400만원,37.769999999999996,1.8005429222499998,2.82301251
남성,60이상,고등학교,400만원 ~ 500만원,37.3725,5.45074791175,7.6778905137499995
남성,20~29,"2,3년제 전문대학",300만원 ~ 400만원,41.545,15.916251303714816,0.9917663704984916
남성,20~29,"2,3년제 전문대학",400만원 ~ 500만원,42.040000000000006,11.38713855631705,6.01926079158583
남성,40~49,4년제이상 대학,400만원 ~ 500만원,38.265,12.560279812216141,2.4804321432360306
여성,20~29,4년제이상 대학,300만원 ~ 400만원,40.4525,12.351496061086557,0.0
여성,40~49,고등학교,200만원 ~ 300만원,38.7225,0.0,13.765653376670928
여성,30~39,4년제이상 대학,300만원 ~ 400만원,37.474999999999994,0.0,18.204177090207352
남성,30~39,고등학교,400만원 ~ 500만원,39.3525,3.4686792835,4.9388992135
여성,16~19,4년제이상 대학,소득없음,47.894999999999996,17.15875039240544,0.5888074997525132
남성,30~39,4년제이상 대학,소득없음,45.12,16.064363253015575,0.0
남성,60이상,고등학교,200만원 ~ 300만원,37.4125,0.9610560796444512,16.61431332519595
여성,30~39,4년제이상 대학,300만원 ~ 400만원,37.474999999999994,1.70678627625,2.50990593775
여성,30~39,4년제이상 대학,300만원 ~ 400만원,37.474999999999994,0.0,4.042927093263543
여성,16~19,4년제이상 대학,200만원 ~ 300만원,41.2675,3.6020124667499998,4.98298382675
남성,30~39,고등학교,300만원 ~ 400만원,38.8575,1.9998342985,3.00730444025
여성,30~39,4년제이상 대학,100만원 미만,39.135,13.45627373563427,5.26657208412287
여성,20~29,고등학교,400만원 ~ 500만원,41.8475,0.0,12.809113369120027
여성,16~19,4년제이상 대학,300만원 ~ 400만원,40.7325,3.5318696095,4.926638943
여성,30~39,4년제이상 대학,300만원 ~ 400만원,37.474999999999994,0.0,14.021911099470152
남성,40~49,4년제이상 대학,500만원 ~ 600만원,41.457499999999996,4.000733693556097,22.70317596537414
남성,16~19,4년제이상 대학,소득없음,48.3775,3.8248111915000003,5.2724922865
여성,20~29,4년제이상 대학,200만원 ~ 300만원,40.9875,1.76900072175,2.52598145775
남성,40~49,고등학교,600만원 ~ 700만원,38.1775,17.46150370525,22.186726960250002
여성,60이상,4년제이상 대학,300만원 ~ 400만원,35.495000000000005,0.0,15.614182831892819
남성,20~29,중졸이하,100만원 ~ 200만원,52.13,22.459942672515208,12.364135141832092
남성,50~59,4년제이상 대학,300만원 ~ 400만원,36.8275,2.0787038735,3.1811079107499998
남성,30~39,4년제이상 대학,300만원 ~ 400만원,37.957499999999996,0.0,14.713615523157651
남성,20~29,"2,3년제 전문대학",300만원 ~ 400만원,41.545,15.302562873785465,0.0
남성,40~49,"2,3년제 전문대학",100만원 ~ 200만원,43.82,16.315308404575507,4.540663783461473
남성,40~49,4년제이상 대학,소득없음,44.9325,2.1875877402499997,3.242783653
남성,20~29,4년제이상 대학,300만원 ~ 400만원,40.935,14.158160860548994,0.0
남성,40~49,중졸이하,소득없음,50.6875,21.89267972492347,9.338132365935692
남성,20~29,고등학교,소득없음,48.997499999999995,2.3789507047500003,3.3868062195
남성,50~59,4년제이상 대학,200만원 ~ 300만원,37.3625,15.2550125476879,0.0
여성,50~59,4년제이상 대학,300만원 ~ 400만원,36.345,2.1728071095,3.25502571025
여성,20~29,4년제이상 대학,300만원 ~ 400만원,40.4525,1.6988578644999999,2.469636574
남성,40~49,4년제이상 대학,300만원 ~ 400만원,37.769999999999996,8.995408776297419,0.0
여성,16~19,4년제이상 대학,300만원 ~ 400만원,40.7325,0.0,16.397144212815178
남성,60이상,4년제이상 대학,소득없음,43.14,3.9817964865000004,5.5947505815
여성,40~49,4년제이상 대학,300만원 ~ 400만원,37.287499999999994,15.381487973587085,1.0444081791697464
여성,50~59,4년제이상 대학,소득없음,43.5075,2.5598519275,3.67479685325
여성,16~19,대학원 이상,200만원 ~ 300만원,60.855,13.871984861927306,33.28841278231545
여성,50~59,4년제이상 대학,400만원 ~ 500만원,36.84,0.0,14.266933584929628
남성,20~29,"2,3년제 전문대학",300만원 ~ 400만원,41.545,13.13933237276117,0.0
남성,30~39,4년제이상 대학,300만원 ~ 400만원,37.957499999999996,0.0,12.985365051062645
남성,16~19,"2,3년제 전문대학",200만원 ~ 300만원,42.36000000000001,4.088263165,5.75912707625
여성,30~39,4년제이상 대학,소득없음,44.637499999999996,0.0,12.95379665568687
남성,20~29,4년제이상 대학,400만원 ~ 500만원,41.43,3.0735996135,4.32731354775
남성,50~59,4년제이상 대학,200만원 ~ 300만원,37.3625,2.14884673075,3.2374527945
여성,50~59,"2,3년제 전문대학",소득없음,44.1175,12.804093827247549,0.0
남성,30~39,4년제이상 대학,200만원 ~ 300만원,38.4925,1.6828258975,2.492333022
여성,30~39,4년제이상 대학,600만원 ~ 700만원,36.9825,16.980595801,21.302304086000003
남성,30~39,4년제이상 대학,200만원 ~ 300만원,38.4925,0.0,15.507545548239898
남성,30~39,4년제이상 대학,200만원 ~ 300만원,38.4925,1.6828258975,2.492333022
여성,20~29,고등학교,200만원 ~ 300만원,41.887499999999996,2.1561519799999997,3.09729775975
남성,30~39,4년제이상 대학,100만원 ~ 200만원,43.3975,3.9456592299999995,6.3371362865
남성,20~29,고등학교,500만원 ~ 600만원,45.522499999999994,2.703823160944019,16.78199735559923
여성,50~59,4년제이상 대학,300만원 ~ 400만원,36.345,0.0,11.726410512704835
남성,40~49,4년제이상 대학,200만원 ~ 300만원,38.305,9.356822590076991,0.0
여성,50~59,4년제이상 대학,200만원 ~ 300만원,36.88,2.24294996675,3.311370594
여성,40~49,4년제이상 대학,소득없음,44.449999999999996,2.28169097625,3.3167014525
남성,20~29,고등학교,100만원 미만,43.495,6.9990487439999995,10.28365197475
남성,30~39,4년제이상 대학,300만원 ~ 400만원,37.957499999999996,1.6126830402499999,2.43598813825
여성,30~39,"2,3년제 전문대학",400만원 ~ 500만원,38.58,3.7559851955,5.2915617600000004
여성,20~29,중졸이하,200만원 ~ 300만원,46.7425,9.7052035875,15.804462208
남성,50~59,4년제이상 대학,300만원 ~ 400만원,36.8275,12.738528282148271,0.0
남성,16~19,"2,3년제 전문대학",200만원 ~ 300만원,42.36000000000001,4.088263165,5.75912707625
여성,20~29,고등학교,300만원 ~ 400만원,41.35249999999999,0.0,16.678982860305414
여성,20~29,4년제이상 대학,300만원 ~ 400만원,40.4525,1.6988578644999999,2.469636574
여성,20~29,고등학교,300만원 ~ 400만원,41.35249999999999,2.08600912275,3.040952876
여성,50~59,4년제이상 대학,300만원 ~ 400만원,36.345,2.1728071095,3.25502571025
남성,20~29,4년제이상 대학,300만원 ~ 400만원,40.935,0.0,13.06007417810379
남성,40~49,"2,3년제 전문대학",100만원 ~ 200만원,43.82,4.71387304625,7.57422170725
남성,30~39,고등학교,200만원 ~ 300만원,39.3925,0.0,6.269283594977171
남성,20~29,고등학교,200만원 ~ 300만원,42.37,2.062048744,3.0233799602499998
남성,30~39,4년제이상 대학,200만원 ~ 300만원,38.4925,0.0,14.887832685810512
남성,20~29,4년제이상 대학,200만원 ~ 300만원,41.47,0.0,10.052716187556324
남성,20~29,4년제이상 대학,소득없음,48.0975,0.0,14.213602102794177
남성,40~49,4년제이상 대학,100만원 ~ 200만원,43.21,4.133519112,6.72416065825
남성,60이상,"2,3년제 전문대학",100만원 ~ 200만원,42.0275,17.854128761667752,5.774356733931981
남성,16~19,4년제이상 대학,500만원 ~ 600만원,44.9025,6.477311932948722,20.98600360786122
남성,50~59,고등학교,400만원 ~ 500만원,38.2225,16.334206739217468,0.0
여성,20~29,"2,3년제 전문대학",300만원 ~ 400만원,41.0625,2.27921179875,3.319697623
남성,20~29,4년제이상 대학,300만원 ~ 400만원,40.935,11.59896967144307,0.0
여성,20~29,고등학교,300만원 ~ 400만원,41.35249999999999,10.311526892589946,0.0
여성,60이상,"2,3년제 전문대학",300만원 ~ 400만원,36.105000000000004,4.26920883875,6.098958287
여성,50~59,4년제이상 대학,소득없음,43.5075,6.750937099558671,2.2234134655418663
여성,50~59,4년제이상 대학,300만원 ~ 400만원,36.345,2.1728071095,3.25502571025
여성,50~59,4년제이상 대학,소득없음,43.5075,2.5598519275,3.67479685325
남성,40~49,4년제이상 대학,100만원 미만,39.43,1.412826803106042,17.02265342313145
남성,40~49,4년제이상 대학,400만원 ~ 500만원,38.265,3.2693879072499996,4.7546072832499995
남성,20~29,"2,3년제 전문대학",100만원 ~ 200만원,46.98500000000001,0.26102450457328086,17.11879932382831
남성,20~29,4년제이상 대학,400만원 ~ 500만원,41.43,3.0735996135,4.32731354775
여성,50~59,4년제이상 대학,200만원 ~ 300만원,36.88,0.0,16.78863177347739
남성,30~39,4년제이상 대학,300만원 ~ 400만원,37.957499999999996,1.6126830402499999,2.43598813825
남성,20~29,"2,3년제 전문대학",300만원 ~ 400만원,41.545,0.44175243331440983,10.504040426834335
남성,40~49,4년제이상 대학,200만원 ~ 300만원,38.305,8.641950482518965,0.0
남성,20~29,4년제이상 대학,400만원 ~ 500만원,41.43,15.415664465318805,1.7939948464342201
여성,50~59,"2,3년제 전문대학",500만원 ~ 600만원,40.6425,0.0,12.633070207257983
남성,20~29,4년제이상 대학,200만원 ~ 300만원,41.47,1.67489748575,2.45206365825
여성,20~29,고등학교,400만원 ~ 500만원,41.8475,13.594301604097874,1.2322251274356368
여성,30~39,4년제이상 대학,300만원 ~ 400만원,37.474999999999994,1.70678627625,2.50990593775
남성,20~29,4년제이상 대학,400만원 ~ 500만원,41.43,3.0735996135,4.32731354775
남성,20~29,"2,3년제 전문대학",소득없음,48.7075,5.161545019766452,0.0
남성,20~29,4년제이상 대학,300만원 ~ 400만원,40.935,0.0,8.073927177351862
남성,40~49,4년제이상 대학,400만원 ~ 500만원,38.265,3.2693879072499996,4.7546072832499995
남성,20~29,고등학교,400만원 ~ 500만원,42.33,3.46075087175,4.89862984975
여성,30~39,고등학교,200만원 ~ 300만원,38.91,20.036554824428677,0.0
남성,40~49,고등학교,소득없음,45.8325,2.5747389985,3.814099955
남성,30~39,4년제이상 대학,300만원 ~ 400만원,37.957499999999996,11.179267358149461,0.0
남성,30~39,4년제이상 대학,200만원 ~ 300만원,38.4925,1.6828258975,2.492333022
남성,20~29,4년제이상 대학,300만원 ~ 400만원,40.935,1.6047546285,2.3957187745
남성,20~29,4년제이상 대학,소득없음,48.0975,11.222286845460774,0.0
